StorageUnit,carrier,bus,p_nom,p_nom_max,capital_cost,max_hours,efficiency_store,efficiency_dispatch,cyclic_state_of_charge,control,p_min_pu,p_max_pu,p_nom_extendable,build_year,lifetime,marginal_cost,p_nom_opt,type,p_nom_mod,p_nom_min,p_set,q_set,sign,spill_cost,marginal_cost_quadratic,marginal_cost_storage,state_of_charge_initial,state_of_charge_initial_per_period,state_of_charge_set,cyclic_state_of_charge_per_period,standing_loss,inflow
p1 battery,battery,p1,3.0,3.0,22481.0,1.9333333333333333,0.9219544457292888,0.9219544457292888,True,,-1.0,1.0,False,0,inf,0.009032536615281729,3.0,,0.0,0.0,0.0,0.0,1.0,0.0,0.0,0.0,0.0,False,,True,0.0,0.0
p10 battery,battery,p10,9762.3,9762.3,22481.000000000004,3.4165206969669035,0.9219544457292888,0.9219544457292888,True,,-1.0,1.0,False,0,inf,0.01047493315360882,9762.3,,0.0,0.0,0.0,0.0,1.0,0.0,0.0,0.0,0.0,False,,True,0.0,0.0
p101 battery,battery,p101,615.2,615.2,22481.0,2.24203511053316,0.9219544457292888,0.9219544457292888,True,,-0.9999999999999999,0.9999999999999999,False,0,inf,0.009894912024433433,615.2,,0.0,0.0,0.0,0.0,1.0,0.0,0.0,0.0,0.0,False,,True,0.0,0.0
p102 battery,battery,p102,10.0,10.0,22481.0,4.0,0.9219544457292888,0.9219544457292888,True,,-1.0,1.0,False,0,inf,0.009981149235176377,10.0,,0.0,0.0,0.0,0.0,1.0,0.0,0.0,0.0,0.0,False,,True,0.0,0.0
p103 battery,battery,p103,234.3,234.3,22481.0,3.9970123772940673,0.9219544457292888,0.9219544457292888,True,,-1.0,1.0,False,0,inf,0.009507113219313013,234.3,,0.0,0.0,0.0,0.0,1.0,0.0,0.0,0.0,0.0,False,,True,0.0,0.0
p104 battery,battery,p104,1.1,1.1,22481.0,0.9090909090909091,0.9219544457292888,0.9219544457292888,True,,-1.0,1.0,False,0,inf,0.010081676665841045,1.1,,0.0,0.0,0.0,0.0,1.0,0.0,0.0,0.0,0.0,False,,True,0.0,0.0
p105 battery,battery,p105,101.3,101.3,22481.0,3.998025666337611,0.9219544457292888,0.9219544457292888,True,,-1.0,1.0,False,0,inf,0.00925441411740659,101.3,,0.0,0.0,0.0,0.0,1.0,0.0,0.0,0.0,0.0,False,,True,0.0,0.0
p106 battery,battery,p106,20.0,20.0,22481.0,1.0,0.9219544457292888,0.9219544457292888,True,,-1.0,1.0,False,0,inf,0.00932709945100611,20.0,,0.0,0.0,0.0,0.0,1.0,0.0,0.0,0.0,0.0,False,,True,0.0,0.0
p107 battery,battery,p107,216.0,216.0,22481.0,4.150925925925926,0.9219544457292888,0.9219544457292888,True,,-1.0,1.0,False,0,inf,0.010635288066270268,216.0,,0.0,0.0,0.0,0.0,1.0,0.0,0.0,0.0,0.0,False,,True,0.0,0.0
p11 battery,battery,p11,816.3,816.3,22481.0,2.8365796888398873,0.9219544457292888,0.9219544457292888,True,,-1.0,1.0,False,0,inf,0.009054858706162674,816.3,,0.0,0.0,0.0,0.0,1.0,0.0,0.0,0.0,0.0,False,,True,0.0,0.0
p111 battery,battery,p111,12.0,12.0,22481.0,1.0,0.9219544457292888,0.9219544457292888,True,,-1.0,1.0,False,0,inf,0.010832027024660108,12.0,,0.0,0.0,0.0,0.0,1.0,0.0,0.0,0.0,0.0,False,,True,0.0,0.0
p112 battery,battery,p112,0.8,0.8,22481.0,4.25,0.9219544457292888,0.9219544457292888,True,,-1.0,1.0,False,0,inf,0.009676375848285266,0.8,,0.0,0.0,0.0,0.0,1.0,0.0,0.0,0.0,0.0,False,,True,0.0,0.0
p113 battery,battery,p113,10.0,10.0,22481.0,0.41,0.9219544457292888,0.9219544457292888,True,,-1.0,1.0,False,0,inf,0.010864316779312592,10.0,,0.0,0.0,0.0,0.0,1.0,0.0,0.0,0.0,0.0,False,,True,0.0,0.0
p114 battery,battery,p114,10.0,10.0,22481.0,0.38,0.9219544457292888,0.9219544457292888,True,,-1.0,1.0,False,0,inf,0.009127397595299066,10.0,,0.0,0.0,0.0,0.0,1.0,0.0,0.0,0.0,0.0,False,,True,0.0,0.0
p116 battery,battery,p116,47.5,47.5,22481.0,0.6,0.9219544457292888,0.9219544457292888,True,,-1.0,1.0,False,0,inf,0.009625400175783859,47.5,,0.0,0.0,0.0,0.0,1.0,0.0,0.0,0.0,0.0,False,,True,0.0,0.0
p12 battery,battery,p12,60.0,60.0,22481.0,2.75,0.9219544457292888,0.9219544457292888,True,,-1.0,1.0,False,0,inf,0.010186337886968305,60.0,,0.0,0.0,0.0,0.0,1.0,0.0,0.0,0.0,0.0,False,,True,0.0,0.0
p121 battery,battery,p121,6.0,6.0,22481.0,1.0,0.9219544457292888,0.9219544457292888,True,,-1.0,1.0,False,0,inf,0.010875609683137392,6.0,,0.0,0.0,0.0,0.0,1.0,0.0,0.0,0.0,0.0,False,,True,0.0,0.0
p122 battery,battery,p122,54.6,54.6,22481.0,0.8919413919413919,0.9219544457292888,0.9219544457292888,True,,-1.0,1.0,False,0,inf,0.009180007067328353,54.6,,0.0,0.0,0.0,0.0,1.0,0.0,0.0,0.0,0.0,False,,True,0.0,0.0
p123 battery,battery,p123,2.7,2.7,22480.999999999996,2.481481481481481,0.9219544457292888,0.9219544457292888,True,,-0.9999999999999999,0.9999999999999999,False,0,inf,0.010618386090421351,2.7,,0.0,0.0,0.0,0.0,1.0,0.0,0.0,0.0,0.0,False,,True,0.0,0.0
p126 battery,battery,p126,109.2,109.2,22480.999999999996,0.9899267399267399,0.9219544457292888,0.9219544457292888,True,,-1.0,1.0,False,0,inf,0.0102260478426063,109.2,,0.0,0.0,0.0,0.0,1.0,0.0,0.0,0.0,0.0,False,,True,0.0,0.0
p127 battery,battery,p127,249.5,249.5,22480.999999999996,2.591983967935872,0.9219544457292888,0.9219544457292888,True,,-1.0,1.0,False,0,inf,0.010280016108900447,249.5,,0.0,0.0,0.0,0.0,1.0,0.0,0.0,0.0,0.0,False,,True,0.0,0.0
p128 battery,battery,p128,10.0,10.0,22481.0,8.0,0.9219544457292888,0.9219544457292888,True,,-1.0,1.0,False,0,inf,0.010984618202608685,10.0,,0.0,0.0,0.0,0.0,1.0,0.0,0.0,0.0,0.0,False,,True,0.0,0.0
p129 battery,battery,p129,20.9,20.9,22481.0,2.550239234449761,0.9219544457292888,0.9219544457292888,True,,-1.0,1.0,False,0,inf,0.00964216562811809,20.9,,0.0,0.0,0.0,0.0,1.0,0.0,0.0,0.0,0.0,False,,True,0.0,0.0
p13 battery,battery,p13,1494.0,1494.0,22481.0,2.678045515394913,0.9219544457292888,0.9219544457292888,True,,-1.0,1.0,False,0,inf,0.009720375942439859,1494.0,,0.0,0.0,0.0,0.0,1.0,0.0,0.0,0.0,0.0,False,,True,0.0,0.0
p130 battery,battery,p130,14.0,14.0,22481.0,1.0,0.9219544457292888,0.9219544457292888,True,,-1.0,1.0,False,0,inf,0.010071707750483704,14.0,,0.0,0.0,0.0,0.0,1.0,0.0,0.0,0.0,0.0,False,,True,0.0,0.0
p131 battery,battery,p131,295.9,295.9,22481.0,2.4741466711726936,0.9219544457292888,0.9219544457292888,True,,-1.0,1.0,False,0,inf,0.01025016769633576,295.9,,0.0,0.0,0.0,0.0,1.0,0.0,0.0,0.0,0.0,False,,True,0.0,0.0
p132 battery,battery,p132,21.6,21.6,22480.999999999993,2.606481481481481,0.9219544457292888,0.9219544457292888,True,,-0.9999999999999998,0.9999999999999998,False,0,inf,0.009623492239524118,21.6,,0.0,0.0,0.0,0.0,1.0,0.0,0.0,0.0,0.0,False,,True,0.0,0.0
p133 battery,battery,p133,3.0,3.0,22481.0,3.3333333333333335,0.9219544457292888,0.9219544457292888,True,,-1.0,1.0,False,0,inf,0.010412647071680872,3.0,,0.0,0.0,0.0,0.0,1.0,0.0,0.0,0.0,0.0,False,,True,0.0,0.0
p134 battery,battery,p134,237.3,237.3,22481.0,1.9178255372945638,0.9219544457292888,0.9219544457292888,True,,-1.0,1.0,False,0,inf,0.00916424919824613,237.3,,0.0,0.0,0.0,0.0,1.0,0.0,0.0,0.0,0.0,False,,True,0.0,0.0
p15 battery,battery,p15,315.0,315.0,22481.0,4.0,0.9219544457292888,0.9219544457292888,True,,-1.0,1.0,False,0,inf,0.009389609570096892,315.0,,0.0,0.0,0.0,0.0,1.0,0.0,0.0,0.0,0.0,False,,True,0.0,0.0
p16 battery,battery,p16,162.0,162.0,22481.0,2.9876543209876543,0.9219544457292888,0.9219544457292888,True,,-1.0,1.0,False,0,inf,0.009026503721966127,162.0,,0.0,0.0,0.0,0.0,1.0,0.0,0.0,0.0,0.0,False,,True,0.0,0.0
p2 battery,battery,p2,1.0,1.0,22481.0,4.0,0.9219544457292888,0.9219544457292888,True,,-1.0,1.0,False,0,inf,0.010499240224407715,1.0,,0.0,0.0,0.0,0.0,1.0,0.0,0.0,0.0,0.0,False,,True,0.0,0.0
p25 battery,battery,p25,525.0,525.0,22481.0,4.0,0.9219544457292888,0.9219544457292888,True,,-1.0,1.0,False,0,inf,0.01089579620937683,525.0,,0.0,0.0,0.0,0.0,1.0,0.0,0.0,0.0,0.0,False,,True,0.0,0.0
p27 battery,battery,p27,30.0,30.0,22481.0,4.0,0.9219544457292888,0.9219544457292888,True,,-1.0,1.0,False,0,inf,0.010537422003725884,30.0,,0.0,0.0,0.0,0.0,1.0,0.0,0.0,0.0,0.0,False,,True,0.0,0.0
p28 battery,battery,p28,3573.8,3573.8,22481.0,3.6004532990094575,0.9219544457292888,0.9219544457292888,True,,-1.0,1.0,False,0,inf,0.009345742228506704,3573.8,,0.0,0.0,0.0,0.0,1.0,0.0,0.0,0.0,0.0,False,,True,0.0,0.0
p30 battery,battery,p30,50.0,50.0,22481.0,1.45,0.9219544457292888,0.9219544457292888,True,,-1.0,1.0,False,0,inf,0.009567715725978783,50.0,,0.0,0.0,0.0,0.0,1.0,0.0,0.0,0.0,0.0,False,,True,0.0,0.0
p31 battery,battery,p31,739.0,739.0,22481.0,4.4913396481732075,0.9219544457292888,0.9219544457292888,True,,-1.0,1.0,False,0,inf,0.010342356556443048,739.0,,0.0,0.0,0.0,0.0,1.0,0.0,0.0,0.0,0.0,False,,True,0.0,0.0
p33 battery,battery,p33,112.60000000000001,112.60000000000001,22481.0,3.453818827708703,0.9219544457292888,0.9219544457292888,True,,-0.9999999999999999,0.9999999999999999,False,0,inf,0.009618893248540428,112.60000000000001,,0.0,0.0,0.0,0.0,1.0,0.0,0.0,0.0,0.0,False,,True,0.0,0.0
p34 battery,battery,p34,229.2,229.2,22481.0,3.9637870855148343,0.9219544457292888,0.9219544457292888,True,,-1.0,1.0,False,0,inf,0.009813636912994122,229.2,,0.0,0.0,0.0,0.0,1.0,0.0,0.0,0.0,0.0,False,,True,0.0,0.0
p38 battery,battery,p38,0.8,0.8,22481.0,1.0,0.9219544457292888,0.9219544457292888,True,,-1.0,1.0,False,0,inf,0.009511607930342355,0.8,,0.0,0.0,0.0,0.0,1.0,0.0,0.0,0.0,0.0,False,,True,0.0,0.0
p40 battery,battery,p40,3.6,3.6,22481.0,1.4166666666666665,0.9219544457292888,0.9219544457292888,True,,-1.0,1.0,False,0,inf,0.010068453504089405,3.6,,0.0,0.0,0.0,0.0,1.0,0.0,0.0,0.0,0.0,False,,True,0.0,0.0
p41 battery,battery,p41,2.4,2.4,22481.0,3.5,0.9219544457292888,0.9219544457292888,True,,-1.0,1.0,False,0,inf,0.01073895258212339,2.4,,0.0,0.0,0.0,0.0,1.0,0.0,0.0,0.0,0.0,False,,True,0.0,0.0
p43 battery,battery,p43,16.0,16.0,22481.0,2.0625,0.9219544457292888,0.9219544457292888,True,,-1.0,1.0,False,0,inf,0.009479385660760878,16.0,,0.0,0.0,0.0,0.0,1.0,0.0,0.0,0.0,0.0,False,,True,0.0,0.0
p44 battery,battery,p44,5.0,5.0,22481.0,6.12,0.9219544457292888,0.9219544457292888,True,,-1.0,1.0,False,0,inf,0.010059074466318887,5.0,,0.0,0.0,0.0,0.0,1.0,0.0,0.0,0.0,0.0,False,,True,0.0,0.0
p48 battery,battery,p48,200.0,200.0,22481.0,1.0,0.9219544457292888,0.9219544457292888,True,,-1.0,1.0,False,0,inf,0.010330007298213543,200.0,,0.0,0.0,0.0,0.0,1.0,0.0,0.0,0.0,0.0,False,,True,0.0,0.0
p5 battery,battery,p5,542.5,542.5,22481.0,3.823963133640553,0.9219544457292888,0.9219544457292888,True,,-1.0,1.0,False,0,inf,0.009013151650636285,542.5,,0.0,0.0,0.0,0.0,1.0,0.0,0.0,0.0,0.0,False,,True,0.0,0.0
p50 battery,battery,p50,10.0,10.0,22481.0,2.0,0.9219544457292888,0.9219544457292888,True,,-1.0,1.0,False,0,inf,0.00950594552362285,10.0,,0.0,0.0,0.0,0.0,1.0,0.0,0.0,0.0,0.0,False,,True,0.0,0.0
p56 battery,battery,p56,12.0,12.0,22481.0,2.183333333333333,0.9219544457292888,0.9219544457292888,True,,-1.0,1.0,False,0,inf,0.010134534844944606,12.0,,0.0,0.0,0.0,0.0,1.0,0.0,0.0,0.0,0.0,False,,True,0.0,0.0
p6 battery,battery,p6,2.0,2.0,22481.0,4.0,0.9219544457292888,0.9219544457292888,True,,-1.0,1.0,False,0,inf,0.01065039900946535,2.0,,0.0,0.0,0.0,0.0,1.0,0.0,0.0,0.0,0.0,False,,True,0.0,0.0
p60 battery,battery,p60,1141.3,1141.3,22481.000000000004,1.557784982038027,0.9219544457292888,0.9219544457292888,True,,-1.0,1.0,False,0,inf,0.009455922954138506,1141.3,,0.0,0.0,0.0,0.0,1.0,0.0,0.0,0.0,0.0,False,,True,0.0,0.0
p61 battery,battery,p61,1184.1,1184.1,22481.000000000004,1.5488556709737353,0.9219544457292888,0.9219544457292888,True,,-1.0,1.0,False,0,inf,0.010797695472642602,1184.1,,0.0,0.0,0.0,0.0,1.0,0.0,0.0,0.0,0.0,False,,True,0.0,0.0
p62 battery,battery,p62,770.5,770.5,22481.0,1.7756002595717066,0.9219544457292888,0.9219544457292888,True,,-0.9999999999999999,0.9999999999999999,False,0,inf,0.010649130910043318,770.5,,0.0,0.0,0.0,0.0,1.0,0.0,0.0,0.0,0.0,False,,True,0.0,0.0
p63 battery,battery,p63,2745.6,2745.6,22481.0,1.507502913752914,0.9219544457292888,0.9219544457292888,True,,-1.0,1.0,False,0,inf,0.009788149592329065,2745.6,,0.0,0.0,0.0,0.0,1.0,0.0,0.0,0.0,0.0,False,,True,0.0,0.0
p64 battery,battery,p64,995.6999999999999,995.6999999999999,22481.0,1.6741990559405446,0.9219544457292888,0.9219544457292888,True,,-1.0,1.0,False,0,inf,0.01062694987315355,995.6999999999999,,0.0,0.0,0.0,0.0,1.0,0.0,0.0,0.0,0.0,False,,True,0.0,0.0
p65 battery,battery,p65,1435.5,1435.5,22481.0,1.4213862765586904,0.9219544457292888,0.9219544457292888,True,,-1.0,1.0,False,0,inf,0.010698497148573346,1435.5,,0.0,0.0,0.0,0.0,1.0,0.0,0.0,0.0,0.0,False,,True,0.0,0.0
p67 battery,battery,p67,2059.5000000000005,2059.5000000000005,22480.999999999996,1.47414420975965,0.9219544457292888,0.9219544457292888,True,,-0.9999999999999998,0.9999999999999998,False,0,inf,0.009563320444394813,2059.5000000000005,,0.0,0.0,0.0,0.0,1.0,0.0,0.0,0.0,0.0,False,,True,0.0,0.0
p69 battery,battery,p69,2.5,2.5,22481.0,1.16,0.9219544457292888,0.9219544457292888,True,,-1.0,1.0,False,0,inf,0.009230302661200883,2.5,,0.0,0.0,0.0,0.0,1.0,0.0,0.0,0.0,0.0,False,,True,0.0,0.0
p70 battery,battery,p70,6.4,6.4,22481.0,2.28125,0.9219544457292888,0.9219544457292888,True,,-1.0,1.0,False,0,inf,0.009201837704749135,6.4,,0.0,0.0,0.0,0.0,1.0,0.0,0.0,0.0,0.0,False,,True,0.0,0.0
p76 battery,battery,p76,5.0,5.0,22481.0,2.0,0.9219544457292888,0.9219544457292888,True,,-1.0,1.0,False,0,inf,0.010761500266282222,5.0,,0.0,0.0,0.0,0.0,1.0,0.0,0.0,0.0,0.0,False,,True,0.0,0.0
p77 battery,battery,p77,3.6,3.6,22481.0,0.8333333333333333,0.9219544457292888,0.9219544457292888,True,,-1.0,1.0,False,0,inf,0.009988804430478114,3.6,,0.0,0.0,0.0,0.0,1.0,0.0,0.0,0.0,0.0,False,,True,0.0,0.0
p78 battery,battery,p78,0.3,0.3,22481.0,1.3333333333333335,0.9219544457292888,0.9219544457292888,True,,-1.0,1.0,False,0,inf,0.010342905270733756,0.3,,0.0,0.0,0.0,0.0,1.0,0.0,0.0,0.0,0.0,False,,True,0.0,0.0
p80 battery,battery,p80,76.0,76.0,22481.0,0.3894736842105263,0.9219544457292888,0.9219544457292888,True,,-1.0,1.0,False,0,inf,0.009780115849050709,76.0,,0.0,0.0,0.0,0.0,1.0,0.0,0.0,0.0,0.0,False,,True,0.0,0.0
p83 battery,battery,p83,0.3,0.3,22481.0,1.6666666666666667,0.9219544457292888,0.9219544457292888,True,,-1.0,1.0,False,0,inf,0.01056050433174299,0.3,,0.0,0.0,0.0,0.0,1.0,0.0,0.0,0.0,0.0,False,,True,0.0,0.0
p85 battery,battery,p85,16.2,16.2,22481.000000000004,2.8888888888888893,0.9219544457292888,0.9219544457292888,True,,-1.0,1.0,False,0,inf,0.010648426375143415,16.2,,0.0,0.0,0.0,0.0,1.0,0.0,0.0,0.0,0.0,False,,True,0.0,0.0
p87 battery,battery,p87,1.5,1.5,22481.0,1.0,0.9219544457292888,0.9219544457292888,True,,-1.0,1.0,False,0,inf,0.01078507141974655,1.5,,0.0,0.0,0.0,0.0,1.0,0.0,0.0,0.0,0.0,False,,True,0.0,0.0
p88 battery,battery,p88,100.0,100.0,22481.0,4.0,0.9219544457292888,0.9219544457292888,True,,-1.0,1.0,False,0,inf,0.01028353962561819,100.0,,0.0,0.0,0.0,0.0,1.0,0.0,0.0,0.0,0.0,False,,True,0.0,0.0
p89 battery,battery,p89,1.0,1.0,22481.0,2.0,0.9219544457292888,0.9219544457292888,True,,-1.0,1.0,False,0,inf,0.010784240807046621,1.0,,0.0,0.0,0.0,0.0,1.0,0.0,0.0,0.0,0.0,False,,True,0.0,0.0
p9 battery,battery,p9,3282.3,3282.3,22480.999999999996,3.715778569905249,0.9219544457292888,0.9219544457292888,True,,-0.9999999999999999,0.9999999999999999,False,0,inf,0.010733706205700721,3282.3,,0.0,0.0,0.0,0.0,1.0,0.0,0.0,0.0,0.0,False,,True,0.0,0.0
p92 battery,battery,p92,20.0,20.0,22481.0,2.0,0.9219544457292888,0.9219544457292888,True,,-1.0,1.0,False,0,inf,0.009543287456964127,20.0,,0.0,0.0,0.0,0.0,1.0,0.0,0.0,0.0,0.0,False,,True,0.0,0.0
p94 battery,battery,p94,146.2,146.2,22481.0,2.902872777017784,0.9219544457292888,0.9219544457292888,True,,-1.0,1.0,False,0,inf,0.01017709576896228,146.2,,0.0,0.0,0.0,0.0,1.0,0.0,0.0,0.0,0.0,False,,True,0.0,0.0
p96 battery,battery,p96,337.8,337.8,22481.0,3.7809354647720546,0.9219544457292888,0.9219544457292888,True,,-1.0,1.0,False,0,inf,0.009524317451215417,337.8,,0.0,0.0,0.0,0.0,1.0,0.0,0.0,0.0,0.0,False,,True,0.0,0.0
p97 battery,battery,p97,29.5,29.5,22481.0,1.5322033898305085,0.9219544457292888,0.9219544457292888,True,,-1.0,1.0,False,0,inf,0.010275638314659967,29.5,,0.0,0.0,0.0,0.0,1.0,0.0,0.0,0.0,0.0,False,,True,0.0,0.0
p98 battery,battery,p98,109.30000000000001,109.30000000000001,22481.0,1.860018298261665,0.9219544457292888,0.9219544457292888,True,,-0.9999999999999999,0.9999999999999999,False,0,inf,0.010794295036386773,109.30000000000001,,0.0,0.0,0.0,0.0,1.0,0.0,0.0,0.0,0.0,False,,True,0.0,0.0
p99 battery,battery,p99,70.5,70.5,22481.0,2.164539007092199,0.9219544457292888,0.9219544457292888,True,,-1.0,1.0,False,0,inf,0.00996627920418423,70.5,,0.0,0.0,0.0,0.0,1.0,0.0,0.0,0.0,0.0,False,,True,0.0,0.0
p1 4hr_battery_storage_2050,4hr_battery_storage,p1,0.0,inf,77451.10346,4.0,0.9219544457292888,0.9219544457292888,False,PQ,-1.0,1.0,True,2050,20.0,0.010649120339926835,0.034681098063767846,,0.0,0.0,0.0,0.0,1.0,0.0,0.0,0.0,0.0,False,,True,0.0,0.0
p10 4hr_battery_storage_2050,4hr_battery_storage,p10,0.0,inf,77451.10346,4.0,0.9219544457292888,0.9219544457292888,False,PQ,-1.0,1.0,True,2050,20.0,0.009034209056577116,0.026353487520962587,,0.0,0.0,0.0,0.0,1.0,0.0,0.0,0.0,0.0,False,,True,0.0,0.0
p100 4hr_battery_storage_2050,4hr_battery_storage,p100,0.0,inf,77451.10346,4.0,0.9219544457292888,0.9219544457292888,False,PQ,-1.0,1.0,True,2050,20.0,0.010734286854303894,218.38384316037542,,0.0,0.0,0.0,0.0,1.0,0.0,0.0,0.0,0.0,False,,True,0.0,0.0
p101 4hr_battery_storage_2050,4hr_battery_storage,p101,0.0,inf,77451.10346,4.0,0.9219544457292888,0.9219544457292888,False,PQ,-1.0,1.0,True,2050,20.0,0.010888406327667107,1571.7376526051628,,0.0,0.0,0.0,0.0,1.0,0.0,0.0,0.0,0.0,False,,True,0.0,0.0
p102 4hr_battery_storage_2050,4hr_battery_storage,p102,0.0,inf,77451.10346,4.0,0.9219544457292888,0.9219544457292888,False,PQ,-1.0,1.0,True,2050,20.0,0.009626812834953665,3176.30742612717,,0.0,0.0,0.0,0.0,1.0,0.0,0.0,0.0,0.0,False,,True,0.0,0.0
p103 4hr_battery_storage_2050,4hr_battery_storage,p103,0.0,inf,77451.10346,4.0,0.9219544457292888,0.9219544457292888,False,PQ,-1.0,1.0,True,2050,20.0,0.010419291025260223,2936.0156529438545,,0.0,0.0,0.0,0.0,1.0,0.0,0.0,0.0,0.0,False,,True,0.0,0.0
p104 4hr_battery_storage_2050,4hr_battery_storage,p104,0.0,inf,77451.10346,4.0,0.9219544457292888,0.9219544457292888,False,PQ,-1.0,1.0,True,2050,20.0,0.010638461876789008,197.7147756945358,,0.0,0.0,0.0,0.0,1.0,0.0,0.0,0.0,0.0,False,,True,0.0,0.0
p105 4hr_battery_storage_2050,4hr_battery_storage,p105,0.0,inf,77451.10346,4.0,0.9219544457292888,0.9219544457292888,False,PQ,-1.0,1.0,True,2050,20.0,0.009248535937499719,1863.3452304482846,,0.0,0.0,0.0,0.0,1.0,0.0,0.0,0.0,0.0,False,,True,0.0,0.0
p106 4hr_battery_storage_2050,4hr_battery_storage,p106,0.0,inf,77451.10346,4.0,0.9219544457292888,0.9219544457292888,False,PQ,-1.0,1.0,True,2050,20.0,0.009828891863781133,276.18199119116827,,0.0,0.0,0.0,0.0,1.0,0.0,0.0,0.0,0.0,False,,True,0.0,0.0
p107 4hr_battery_storage_2050,4hr_battery_storage,p107,0.0,inf,77451.10346,4.0,0.9219544457292888,0.9219544457292888,False,PQ,-1.0,1.0,True,2050,20.0,0.009413166813348141,267.6365292650407,,0.0,0.0,0.0,0.0,1.0,0.0,0.0,0.0,0.0,False,,True,0.0,0.0
p108 4hr_battery_storage_2050,4hr_battery_storage,p108,0.0,inf,77451.10346,4.0,0.9219544457292888,0.9219544457292888,False,PQ,-1.0,1.0,True,2050,20.0,0.010493117795353953,436.0740714585954,,0.0,0.0,0.0,0.0,1.0,0.0,0.0,0.0,0.0,False,,True,0.0,0.0
p109 4hr_battery_storage_2050,4hr_battery_storage,p109,0.0,inf,77451.10346,4.0,0.9219544457292888,0.9219544457292888,False,PQ,-1.0,1.0,True,2050,20.0,0.009811829654800677,1683.2992108207172,,0.0,0.0,0.0,0.0,1.0,0.0,0.0,0.0,0.0,False,,True,0.0,0.0
p11 4hr_battery_storage_2050,4hr_battery_storage,p11,0.0,inf,77451.10346,4.0,0.9219544457292888,0.9219544457292888,False,PQ,-1.0,1.0,True,2050,20.0,0.009000271884294416,0.027638512734606272,,0.0,0.0,0.0,0.0,1.0,0.0,0.0,0.0,0.0,False,,True,0.0,0.0
p110 4hr_battery_storage_2050,4hr_battery_storage,p110,0.0,inf,77451.10346,4.0,0.9219544457292888,0.9219544457292888,False,PQ,-1.0,1.0,True,2050,20.0,0.009525267326424298,12.485372185743914,,0.0,0.0,0.0,0.0,1.0,0.0,0.0,0.0,0.0,False,,True,0.0,0.0
p111 4hr_battery_storage_2050,4hr_battery_storage,p111,0.0,inf,77451.10346,4.0,0.9219544457292888,0.9219544457292888,False,PQ,-1.0,1.0,True,2050,20.0,0.009406604899632248,2253.861941457839,,0.0,0.0,0.0,0.0,1.0,0.0,0.0,0.0,0.0,False,,True,0.0,0.0
p112 4hr_battery_storage_2050,4hr_battery_storage,p112,0.0,inf,77451.10346,4.0,0.9219544457292888,0.9219544457292888,False,PQ,-1.0,1.0,True,2050,20.0,0.0091495364957987,135.10882128930325,,0.0,0.0,0.0,0.0,1.0,0.0,0.0,0.0,0.0,False,,True,0.0,0.0
p113 4hr_battery_storage_2050,4hr_battery_storage,p113,0.0,inf,77451.10346,4.0,0.9219544457292888,0.9219544457292888,False,PQ,-1.0,1.0,True,2050,20.0,0.010061634373903129,645.4167490386964,,0.0,0.0,0.0,0.0,1.0,0.0,0.0,0.0,0.0,False,,True,0.0,0.0
p114 4hr_battery_storage_2050,4hr_battery_storage,p114,0.0,inf,77451.10346,4.0,0.9219544457292888,0.9219544457292888,False,PQ,-1.0,1.0,True,2050,20.0,0.009673889699348723,45.625976351250806,,0.0,0.0,0.0,0.0,1.0,0.0,0.0,0.0,0.0,False,,True,0.0,0.0
p115 4hr_battery_storage_2050,4hr_battery_storage,p115,0.0,inf,77451.10346,4.0,0.9219544457292888,0.9219544457292888,False,PQ,-1.0,1.0,True,2050,20.0,0.009437862798145274,2.384885320167256,,0.0,0.0,0.0,0.0,1.0,0.0,0.0,0.0,0.0,False,,True,0.0,0.0
p116 4hr_battery_storage_2050,4hr_battery_storage,p116,0.0,inf,77451.10346,4.0,0.9219544457292888,0.9219544457292888,False,PQ,-1.0,1.0,True,2050,20.0,0.01087333299797275,754.0891688907528,,0.0,0.0,0.0,0.0,1.0,0.0,0.0,0.0,0.0,False,,True,0.0,0.0
p117 4hr_battery_storage_2050,4hr_battery_storage,p117,0.0,inf,77451.10346,4.0,0.9219544457292888,0.9219544457292888,False,PQ,-1.0,1.0,True,2050,20.0,0.009647556254108028,459.8671934547659,,0.0,0.0,0.0,0.0,1.0,0.0,0.0,0.0,0.0,False,,True,0.0,0.0
p118 4hr_battery_storage_2050,4hr_battery_storage,p118,0.0,inf,77451.10346,4.0,0.9219544457292888,0.9219544457292888,False,PQ,-1.0,1.0,True,2050,20.0,0.009255405160798197,121.31117268892487,,0.0,0.0,0.0,0.0,1.0,0.0,0.0,0.0,0.0,False,,True,0.0,0.0
p119 4hr_battery_storage_2050,4hr_battery_storage,p119,0.0,inf,77451.10346,4.0,0.9219544457292888,0.9219544457292888,False,PQ,-1.0,1.0,True,2050,20.0,0.01004635664205526,46.337425549010554,,0.0,0.0,0.0,0.0,1.0,0.0,0.0,0.0,0.0,False,,True,0.0,0.0
p12 4hr_battery_storage_2050,4hr_battery_storage,p12,0.0,inf,77451.10346,4.0,0.9219544457292888,0.9219544457292888,False,PQ,-1.0,1.0,True,2050,20.0,0.010784672323175834,0.03191622406912723,,0.0,0.0,0.0,0.0,1.0,0.0,0.0,0.0,0.0,False,,True,0.0,0.0
p120 4hr_battery_storage_2050,4hr_battery_storage,p120,0.0,inf,77451.10346,4.0,0.9219544457292888,0.9219544457292888,False,PQ,-1.0,1.0,True,2050,20.0,0.010555915651655284,98.12099965455016,,0.0,0.0,0.0,0.0,1.0,0.0,0.0,0.0,0.0,False,,True,0.0,0.0
p121 4hr_battery_storage_2050,4hr_battery_storage,p121,0.0,inf,77451.10346,4.0,0.9219544457292888,0.9219544457292888,False,PQ,-1.0,1.0,True,2050,20.0,0.009296378432385123,1.0223923512488582,,0.0,0.0,0.0,0.0,1.0,0.0,0.0,0.0,0.0,False,,True,0.0,0.0
p122 4hr_battery_storage_2050,4hr_battery_storage,p122,0.0,inf,77451.10346,4.0,0.9219544457292888,0.9219544457292888,False,PQ,-1.0,1.0,True,2050,20.0,0.009597961070328238,1023.4451910052369,,0.0,0.0,0.0,0.0,1.0,0.0,0.0,0.0,0.0,False,,True,0.0,0.0
p123 4hr_battery_storage_2050,4hr_battery_storage,p123,0.0,inf,77451.10346,4.0,0.9219544457292888,0.9219544457292888,False,PQ,-1.0,1.0,True,2050,20.0,0.009474337272642458,1578.0775341197852,,0.0,0.0,0.0,0.0,1.0,0.0,0.0,0.0,0.0,False,,True,0.0,0.0
p124 4hr_battery_storage_2050,4hr_battery_storage,p124,0.0,inf,77451.10346,4.0,0.9219544457292888,0.9219544457292888,False,PQ,-1.0,1.0,True,2050,20.0,0.010855271991064312,100.77000453093241,,0.0,0.0,0.0,0.0,1.0,0.0,0.0,0.0,0.0,False,,True,0.0,0.0
p125 4hr_battery_storage_2050,4hr_battery_storage,p125,0.0,inf,77451.10346,4.0,0.9219544457292888,0.9219544457292888,False,PQ,-1.0,1.0,True,2050,20.0,0.009558573489115077,388.20442000795697,,0.0,0.0,0.0,0.0,1.0,0.0,0.0,0.0,0.0,False,,True,0.0,0.0
p126 4hr_battery_storage_2050,4hr_battery_storage,p126,0.0,inf,77451.10346,4.0,0.9219544457292888,0.9219544457292888,False,PQ,-1.0,1.0,True,2050,20.0,0.009338763585884376,1249.1811611894814,,0.0,0.0,0.0,0.0,1.0,0.0,0.0,0.0,0.0,False,,True,0.0,0.0
p127 4hr_battery_storage_2050,4hr_battery_storage,p127,0.0,inf,77451.10346,4.0,0.9219544457292888,0.9219544457292888,False,PQ,-1.0,1.0,True,2050,20.0,0.009910234318825423,1217.7121756669278,,0.0,0.0,0.0,0.0,1.0,0.0,0.0,0.0,0.0,False,,True,0.0,0.0
p128 4hr_battery_storage_2050,4hr_battery_storage,p128,0.0,inf,77451.10346,4.0,0.9219544457292888,0.9219544457292888,False,PQ,-1.0,1.0,True,2050,20.0,0.010223562156153781,262.00880374826517,,0.0,0.0,0.0,0.0,1.0,0.0,0.0,0.0,0.0,False,,True,0.0,0.0
p129 4hr_battery_storage_2050,4hr_battery_storage,p129,0.0,inf,77451.10346,4.0,0.9219544457292888,0.9219544457292888,False,PQ,-1.0,1.0,True,2050,20.0,0.009317024462194139,47.16491159172263,,0.0,0.0,0.0,0.0,1.0,0.0,0.0,0.0,0.0,False,,True,0.0,0.0
p13 4hr_battery_storage_2050,4hr_battery_storage,p13,0.0,inf,77451.10346,4.0,0.9219544457292888,0.9219544457292888,False,PQ,-1.0,1.0,True,2050,20.0,0.009049021210513233,0.027610842951300524,,0.0,0.0,0.0,0.0,1.0,0.0,0.0,0.0,0.0,False,,True,0.0,0.0
p130 4hr_battery_storage_2050,4hr_battery_storage,p130,0.0,inf,77451.10346,4.0,0.9219544457292888,0.9219544457292888,False,PQ,-1.0,1.0,True,2050,20.0,0.009189530032374129,0.12439106683682027,,0.0,0.0,0.0,0.0,1.0,0.0,0.0,0.0,0.0,False,,True,0.0,0.0
p131 4hr_battery_storage_2050,4hr_battery_storage,p131,0.0,inf,77451.10346,4.0,0.9219544457292888,0.9219544457292888,False,PQ,-1.0,1.0,True,2050,20.0,0.01030189546643154,184.22918360568653,,0.0,0.0,0.0,0.0,1.0,0.0,0.0,0.0,0.0,False,,True,0.0,0.0
p132 4hr_battery_storage_2050,4hr_battery_storage,p132,0.0,inf,77451.10346,4.0,0.9219544457292888,0.9219544457292888,False,PQ,-1.0,1.0,True,2050,20.0,0.00932689671545649,357.81089587495154,,0.0,0.0,0.0,0.0,1.0,0.0,0.0,0.0,0.0,False,,True,0.0,0.0
p133 4hr_battery_storage_2050,4hr_battery_storage,p133,0.0,inf,77451.10346,4.0,0.9219544457292888,0.9219544457292888,False,PQ,-1.0,1.0,True,2050,20.0,0.00951768684045001,53.76641177378274,,0.0,0.0,0.0,0.0,1.0,0.0,0.0,0.0,0.0,False,,True,0.0,0.0
p134 4hr_battery_storage_2050,4hr_battery_storage,p134,0.0,inf,77451.10346,4.0,0.9219544457292888,0.9219544457292888,False,PQ,-1.0,1.0,True,2050,20.0,0.010351437496752925,748.3528551926435,,0.0,0.0,0.0,0.0,1.0,0.0,0.0,0.0,0.0,False,,True,0.0,0.0
p14 4hr_battery_storage_2050,4hr_battery_storage,p14,0.0,inf,77451.10346,4.0,0.9219544457292888,0.9219544457292888,False,PQ,-1.0,1.0,True,2050,20.0,0.010742724205874089,0.03638126530775165,,0.0,0.0,0.0,0.0,1.0,0.0,0.0,0.0,0.0,False,,True,0.0,0.0
p15 4hr_battery_storage_2050,4hr_battery_storage,p15,0.0,inf,77451.10346,4.0,0.9219544457292888,0.9219544457292888,False,PQ,-1.0,1.0,True,2050,20.0,0.010905343441563508,0.03346485275271834,,0.0,0.0,0.0,0.0,1.0,0.0,0.0,0.0,0.0,False,,True,0.0,0.0
p16 4hr_battery_storage_2050,4hr_battery_storage,p16,0.0,inf,77451.10346,4.0,0.9219544457292888,0.9219544457292888,False,PQ,-1.0,1.0,True,2050,20.0,0.009767165589009532,0.03810572912701488,,0.0,0.0,0.0,0.0,1.0,0.0,0.0,0.0,0.0,False,,True,0.0,0.0
p17 4hr_battery_storage_2050,4hr_battery_storage,p17,0.0,inf,77451.10346,4.0,0.9219544457292888,0.9219544457292888,False,PQ,-1.0,1.0,True,2050,20.0,0.009452742944280931,0.03973574616376266,,0.0,0.0,0.0,0.0,1.0,0.0,0.0,0.0,0.0,False,,True,0.0,0.0
p18 4hr_battery_storage_2050,4hr_battery_storage,p18,0.0,inf,77451.10346,4.0,0.9219544457292888,0.9219544457292888,False,PQ,-1.0,1.0,True,2050,20.0,0.010478264548328755,0.03584508123897782,,0.0,0.0,0.0,0.0,1.0,0.0,0.0,0.0,0.0,False,,True,0.0,0.0
p19 4hr_battery_storage_2050,4hr_battery_storage,p19,0.0,inf,77451.10346,4.0,0.9219544457292888,0.9219544457292888,False,PQ,-1.0,1.0,True,2050,20.0,0.010424847817369404,0.07818200507728736,,0.0,0.0,0.0,0.0,1.0,0.0,0.0,0.0,0.0,False,,True,0.0,0.0
p2 4hr_battery_storage_2050,4hr_battery_storage,p2,0.0,inf,77451.10346,4.0,0.9219544457292888,0.9219544457292888,False,PQ,-1.0,1.0,True,2050,20.0,0.010948845173497142,0.032904887349405436,,0.0,0.0,0.0,0.0,1.0,0.0,0.0,0.0,0.0,False,,True,0.0,0.0
p20 4hr_battery_storage_2050,4hr_battery_storage,p20,0.0,inf,77451.10346,4.0,0.9219544457292888,0.9219544457292888,False,PQ,-1.0,1.0,True,2050,20.0,0.00919577607062513,0.04721008820103813,,0.0,0.0,0.0,0.0,1.0,0.0,0.0,0.0,0.0,False,,True,0.0,0.0
p21 4hr_battery_storage_2050,4hr_battery_storage,p21,0.0,inf,77451.10346,4.0,0.9219544457292888,0.9219544457292888,False,PQ,-1.0,1.0,True,2050,20.0,0.01075628869739175,0.038749020335621484,,0.0,0.0,0.0,0.0,1.0,0.0,0.0,0.0,0.0,False,,True,0.0,0.0
p22 4hr_battery_storage_2050,4hr_battery_storage,p22,0.0,inf,77451.10346,4.0,0.9219544457292888,0.9219544457292888,False,PQ,-1.0,1.0,True,2050,20.0,0.00935132048083027,0.04239744556543562,,0.0,0.0,0.0,0.0,1.0,0.0,0.0,0.0,0.0,False,,True,0.0,0.0
p23 4hr_battery_storage_2050,4hr_battery_storage,p23,0.0,inf,77451.10346,4.0,0.9219544457292888,0.9219544457292888,False,PQ,-1.0,1.0,True,2050,20.0,0.010494670789980733,0.0940000721290592,,0.0,0.0,0.0,0.0,1.0,0.0,0.0,0.0,0.0,False,,True,0.0,0.0
p24 4hr_battery_storage_2050,4hr_battery_storage,p24,0.0,inf,77451.10346,4.0,0.9219544457292888,0.9219544457292888,False,PQ,-1.0,1.0,True,2050,20.0,0.01099085059450327,0.04496550071304903,,0.0,0.0,0.0,0.0,1.0,0.0,0.0,0.0,0.0,False,,True,0.0,0.0
p25 4hr_battery_storage_2050,4hr_battery_storage,p25,0.0,inf,77451.10346,4.0,0.9219544457292888,0.9219544457292888,False,PQ,-1.0,1.0,True,2050,20.0,0.00946355688561749,0.033054272116921204,,0.0,0.0,0.0,0.0,1.0,0.0,0.0,0.0,0.0,False,,True,0.0,0.0
p26 4hr_battery_storage_2050,4hr_battery_storage,p26,0.0,inf,77451.10346,4.0,0.9219544457292888,0.9219544457292888,False,PQ,-1.0,1.0,True,2050,20.0,0.010484359591301022,0.04235844698817207,,0.0,0.0,0.0,0.0,1.0,0.0,0.0,0.0,0.0,False,,True,0.0,0.0
p27 4hr_battery_storage_2050,4hr_battery_storage,p27,0.0,inf,77451.10346,4.0,0.9219544457292888,0.9219544457292888,False,PQ,-1.0,1.0,True,2050,20.0,0.010548315047224288,0.03122273303992091,,0.0,0.0,0.0,0.0,1.0,0.0,0.0,0.0,0.0,False,,True,0.0,0.0
p28 4hr_battery_storage_2050,4hr_battery_storage,p28,0.0,inf,77451.10346,4.0,0.9219544457292888,0.9219544457292888,False,PQ,-1.0,1.0,True,2050,20.0,0.009561918734502546,0.027439589141067127,,0.0,0.0,0.0,0.0,1.0,0.0,0.0,0.0,0.0,False,,True,0.0,0.0
p29 4hr_battery_storage_2050,4hr_battery_storage,p29,0.0,inf,77451.10346,4.0,0.9219544457292888,0.9219544457292888,False,PQ,-1.0,1.0,True,2050,20.0,0.01084246094274413,0.0368596389987312,,0.0,0.0,0.0,0.0,1.0,0.0,0.0,0.0,0.0,False,,True,0.0,0.0
p3 4hr_battery_storage_2050,4hr_battery_storage,p3,0.0,inf,77451.10346,4.0,0.9219544457292888,0.9219544457292888,False,PQ,-1.0,1.0,True,2050,20.0,0.009139328012847074,0.03008738774984157,,0.0,0.0,0.0,0.0,1.0,0.0,0.0,0.0,0.0,False,,True,0.0,0.0
p30 4hr_battery_storage_2050,4hr_battery_storage,p30,0.0,inf,77451.10346,4.0,0.9219544457292888,0.9219544457292888,False,PQ,-1.0,1.0,True,2050,20.0,0.0094577599187415,0.030181658712901113,,0.0,0.0,0.0,0.0,1.0,0.0,0.0,0.0,0.0,False,,True,0.0,0.0
p31 4hr_battery_storage_2050,4hr_battery_storage,p31,0.0,inf,77451.10346,4.0,0.9219544457292888,0.9219544457292888,False,PQ,-1.0,1.0,True,2050,20.0,0.009589158807552598,0.03102440989058593,,0.0,0.0,0.0,0.0,1.0,0.0,0.0,0.0,0.0,False,,True,0.0,0.0
p32 4hr_battery_storage_2050,4hr_battery_storage,p32,0.0,inf,77451.10346,4.0,0.9219544457292888,0.9219544457292888,False,PQ,-1.0,1.0,True,2050,20.0,0.009180106877186676,0.09628697175247676,,0.0,0.0,0.0,0.0,1.0,0.0,0.0,0.0,0.0,False,,True,0.0,0.0
p33 4hr_battery_storage_2050,4hr_battery_storage,p33,0.0,inf,77451.10346,4.0,0.9219544457292888,0.9219544457292888,False,PQ,-1.0,1.0,True,2050,20.0,0.009490504368724516,0.046336495769348826,,0.0,0.0,0.0,0.0,1.0,0.0,0.0,0.0,0.0,False,,True,0.0,0.0
p34 4hr_battery_storage_2050,4hr_battery_storage,p34,0.0,inf,77451.10346,4.0,0.9219544457292888,0.9219544457292888,False,PQ,-1.0,1.0,True,2050,20.0,0.01057432677957154,0.04481494680490967,,0.0,0.0,0.0,0.0,1.0,0.0,0.0,0.0,0.0,False,,True,0.0,0.0
p35 4hr_battery_storage_2050,4hr_battery_storage,p35,0.0,inf,77451.10346,4.0,0.9219544457292888,0.9219544457292888,False,PQ,-1.0,1.0,True,2050,20.0,0.009534467087112343,3.6904742027492596,,0.0,0.0,0.0,0.0,1.0,0.0,0.0,0.0,0.0,False,,True,0.0,0.0
p36 4hr_battery_storage_2050,4hr_battery_storage,p36,0.0,inf,77451.10346,4.0,0.9219544457292888,0.9219544457292888,False,PQ,-1.0,1.0,True,2050,20.0,0.010013231409406556,647.9455516673572,,0.0,0.0,0.0,0.0,1.0,0.0,0.0,0.0,0.0,False,,True,0.0,0.0
p37 4hr_battery_storage_2050,4hr_battery_storage,p37,0.0,inf,77451.10346,4.0,0.9219544457292888,0.9219544457292888,False,PQ,-1.0,1.0,True,2050,20.0,0.00927070781845648,423.74023384519444,,0.0,0.0,0.0,0.0,1.0,0.0,0.0,0.0,0.0,False,,True,0.0,0.0
p38 4hr_battery_storage_2050,4hr_battery_storage,p38,0.0,inf,77451.10346,4.0,0.9219544457292888,0.9219544457292888,False,PQ,-1.0,1.0,True,2050,20.0,0.01018337420735084,2073.723406043591,,0.0,0.0,0.0,0.0,1.0,0.0,0.0,0.0,0.0,False,,True,0.0,0.0
p39 4hr_battery_storage_2050,4hr_battery_storage,p39,0.0,inf,77451.10346,4.0,0.9219544457292888,0.9219544457292888,False,PQ,-1.0,1.0,True,2050,20.0,0.010221740697617969,298.2194744230818,,0.0,0.0,0.0,0.0,1.0,0.0,0.0,0.0,0.0,False,,True,0.0,0.0
p4 4hr_battery_storage_2050,4hr_battery_storage,p4,0.0,inf,77451.10346,4.0,0.9219544457292888,0.9219544457292888,False,PQ,-1.0,1.0,True,2050,20.0,0.009436521741231978,0.029819669438359533,,0.0,0.0,0.0,0.0,1.0,0.0,0.0,0.0,0.0,False,,True,0.0,0.0
p40 4hr_battery_storage_2050,4hr_battery_storage,p40,0.0,inf,77451.10346,4.0,0.9219544457292888,0.9219544457292888,False,PQ,-1.0,1.0,True,2050,20.0,0.009149302544649532,1321.1290113213975,,0.0,0.0,0.0,0.0,1.0,0.0,0.0,0.0,0.0,False,,True,0.0,0.0
p41 4hr_battery_storage_2050,4hr_battery_storage,p41,0.0,inf,77451.10346,4.0,0.9219544457292888,0.9219544457292888,False,PQ,-1.0,1.0,True,2050,20.0,0.01040356943197903,1184.9966049959658,,0.0,0.0,0.0,0.0,1.0,0.0,0.0,0.0,0.0,False,,True,0.0,0.0
p42 4hr_battery_storage_2050,4hr_battery_storage,p42,0.0,inf,77451.10346,4.0,0.9219544457292888,0.9219544457292888,False,PQ,-1.0,1.0,True,2050,20.0,0.010266872569891543,320.6363496353606,,0.0,0.0,0.0,0.0,1.0,0.0,0.0,0.0,0.0,False,,True,0.0,0.0
p43 4hr_battery_storage_2050,4hr_battery_storage,p43,0.0,inf,77451.10346,4.0,0.9219544457292888,0.9219544457292888,False,PQ,-1.0,1.0,True,2050,20.0,0.009964500285948648,0.2536567197279932,,0.0,0.0,0.0,0.0,1.0,0.0,0.0,0.0,0.0,False,,True,0.0,0.0
p44 4hr_battery_storage_2050,4hr_battery_storage,p44,0.0,inf,77451.10346,4.0,0.9219544457292888,0.9219544457292888,False,PQ,-1.0,1.0,True,2050,20.0,0.010790845161861535,0.2361004861733138,,0.0,0.0,0.0,0.0,1.0,0.0,0.0,0.0,0.0,False,,True,0.0,0.0
p45 4hr_battery_storage_2050,4hr_battery_storage,p45,0.0,inf,77451.10346,4.0,0.9219544457292888,0.9219544457292888,False,PQ,-1.0,1.0,True,2050,20.0,0.01095453875075918,2.4419745843274363,,0.0,0.0,0.0,0.0,1.0,0.0,0.0,0.0,0.0,False,,True,0.0,0.0
p46 4hr_battery_storage_2050,4hr_battery_storage,p46,0.0,inf,77451.10346,4.0,0.9219544457292888,0.9219544457292888,False,PQ,-1.0,1.0,True,2050,20.0,0.010464788264286424,610.9359232120976,,0.0,0.0,0.0,0.0,1.0,0.0,0.0,0.0,0.0,False,,True,0.0,0.0
p47 4hr_battery_storage_2050,4hr_battery_storage,p47,0.0,inf,77451.10346,4.0,0.9219544457292888,0.9219544457292888,False,PQ,-1.0,1.0,True,2050,20.0,0.010924546716648135,252.85356198414385,,0.0,0.0,0.0,0.0,1.0,0.0,0.0,0.0,0.0,False,,True,0.0,0.0
p48 4hr_battery_storage_2050,4hr_battery_storage,p48,0.0,inf,77451.10346,4.0,0.9219544457292888,0.9219544457292888,False,PQ,-1.0,1.0,True,2050,20.0,0.009294289218766192,510.4721819120544,,0.0,0.0,0.0,0.0,1.0,0.0,0.0,0.0,0.0,False,,True,0.0,0.0
p49 4hr_battery_storage_2050,4hr_battery_storage,p49,0.0,inf,77451.10346,4.0,0.9219544457292888,0.9219544457292888,False,PQ,-1.0,1.0,True,2050,20.0,0.009319091416950592,786.8157380286066,,0.0,0.0,0.0,0.0,1.0,0.0,0.0,0.0,0.0,False,,True,0.0,0.0
p5 4hr_battery_storage_2050,4hr_battery_storage,p5,0.0,inf,77451.10346,4.0,0.9219544457292888,0.9219544457292888,False,PQ,-1.0,1.0,True,2050,20.0,0.010998133875965457,0.03273038138034033,,0.0,0.0,0.0,0.0,1.0,0.0,0.0,0.0,0.0,False,,True,0.0,0.0
p50 4hr_battery_storage_2050,4hr_battery_storage,p50,0.0,inf,77451.10346,4.0,0.9219544457292888,0.9219544457292888,False,PQ,-1.0,1.0,True,2050,20.0,0.009753076670306894,2861.0352439780777,,0.0,0.0,0.0,0.0,1.0,0.0,0.0,0.0,0.0,False,,True,0.0,0.0
p51 4hr_battery_storage_2050,4hr_battery_storage,p51,0.0,inf,77451.10346,4.0,0.9219544457292888,0.9219544457292888,False,PQ,-1.0,1.0,True,2050,20.0,0.010118920195933474,1103.916038231988,,0.0,0.0,0.0,0.0,1.0,0.0,0.0,0.0,0.0,False,,True,0.0,0.0
p52 4hr_battery_storage_2050,4hr_battery_storage,p52,0.0,inf,77451.10346,4.0,0.9219544457292888,0.9219544457292888,False,PQ,-1.0,1.0,True,2050,20.0,0.010889464427112304,368.5706337940278,,0.0,0.0,0.0,0.0,1.0,0.0,0.0,0.0,0.0,False,,True,0.0,0.0
p53 4hr_battery_storage_2050,4hr_battery_storage,p53,0.0,inf,77451.10346,4.0,0.9219544457292888,0.9219544457292888,False,PQ,-1.0,1.0,True,2050,20.0,0.010207949465756438,2077.0965997996304,,0.0,0.0,0.0,0.0,1.0,0.0,0.0,0.0,0.0,False,,True,0.0,0.0
p54 4hr_battery_storage_2050,4hr_battery_storage,p54,0.0,inf,77451.10346,4.0,0.9219544457292888,0.9219544457292888,False,PQ,-1.0,1.0,True,2050,20.0,0.010740083277371724,0.10963578502076567,,0.0,0.0,0.0,0.0,1.0,0.0,0.0,0.0,0.0,False,,True,0.0,0.0
p55 4hr_battery_storage_2050,4hr_battery_storage,p55,0.0,inf,77451.10346,4.0,0.9219544457292888,0.9219544457292888,False,PQ,-1.0,1.0,True,2050,20.0,0.010414592833719035,1.070883652998457,,0.0,0.0,0.0,0.0,1.0,0.0,0.0,0.0,0.0,False,,True,0.0,0.0
p56 4hr_battery_storage_2050,4hr_battery_storage,p56,0.0,inf,77451.10346,4.0,0.9219544457292888,0.9219544457292888,False,PQ,-1.0,1.0,True,2050,20.0,0.01071175379598551,0.28493750114090316,,0.0,0.0,0.0,0.0,1.0,0.0,0.0,0.0,0.0,False,,True,0.0,0.0
p57 4hr_battery_storage_2050,4hr_battery_storage,p57,0.0,inf,77451.10346,4.0,0.9219544457292888,0.9219544457292888,False,PQ,-1.0,1.0,True,2050,20.0,0.009940594174979833,1019.3202494603784,,0.0,0.0,0.0,0.0,1.0,0.0,0.0,0.0,0.0,False,,True,0.0,0.0
p58 4hr_battery_storage_2050,4hr_battery_storage,p58,0.0,inf,77451.10346,4.0,0.9219544457292888,0.9219544457292888,False,PQ,-1.0,1.0,True,2050,20.0,0.01089876045387267,2987.8103947677964,,0.0,0.0,0.0,0.0,1.0,0.0,0.0,0.0,0.0,False,,True,0.0,0.0
p59 4hr_battery_storage_2050,4hr_battery_storage,p59,0.0,inf,77451.10346,4.0,0.9219544457292888,0.9219544457292888,False,PQ,-1.0,1.0,True,2050,20.0,0.00925052233679673,0.08292403016523527,,0.0,0.0,0.0,0.0,1.0,0.0,0.0,0.0,0.0,False,,True,0.0,0.0
p6 4hr_battery_storage_2050,4hr_battery_storage,p6,0.0,inf,77451.10346,4.0,0.9219544457292888,0.9219544457292888,False,PQ,-1.0,1.0,True,2050,20.0,0.010615342280584758,0.027690532070039676,,0.0,0.0,0.0,0.0,1.0,0.0,0.0,0.0,0.0,False,,True,0.0,0.0
p60 4hr_battery_storage_2050,4hr_battery_storage,p60,0.0,inf,77451.10346,4.0,0.9219544457292888,0.9219544457292888,False,PQ,-1.0,1.0,True,2050,20.0,0.009470584451082254,150.24301986693678,,0.0,0.0,0.0,0.0,1.0,0.0,0.0,0.0,0.0,False,,True,0.0,0.0
p61 4hr_battery_storage_2050,4hr_battery_storage,p61,0.0,inf,77451.10346,4.0,0.9219544457292888,0.9219544457292888,False,PQ,-1.0,1.0,True,2050,20.0,0.01023762818636642,2983.519363714157,,0.0,0.0,0.0,0.0,1.0,0.0,0.0,0.0,0.0,False,,True,0.0,0.0
p62 4hr_battery_storage_2050,4hr_battery_storage,p62,0.0,inf,77451.10346,4.0,0.9219544457292888,0.9219544457292888,False,PQ,-1.0,1.0,True,2050,20.0,0.0105525244434027,1262.8378208470604,,0.0,0.0,0.0,0.0,1.0,0.0,0.0,0.0,0.0,False,,True,0.0,0.0
p63 4hr_battery_storage_2050,4hr_battery_storage,p63,0.0,inf,77451.10346,4.0,0.9219544457292888,0.9219544457292888,False,PQ,-1.0,1.0,True,2050,20.0,0.01040200186229295,4096.214969666437,,0.0,0.0,0.0,0.0,1.0,0.0,0.0,0.0,0.0,False,,True,0.0,0.0
p64 4hr_battery_storage_2050,4hr_battery_storage,p64,0.0,inf,77451.10346,4.0,0.9219544457292888,0.9219544457292888,False,PQ,-1.0,1.0,True,2050,20.0,0.009879211175882367,0.11216309096318156,,0.0,0.0,0.0,0.0,1.0,0.0,0.0,0.0,0.0,False,,True,0.0,0.0
p65 4hr_battery_storage_2050,4hr_battery_storage,p65,0.0,inf,77451.10346,4.0,0.9219544457292888,0.9219544457292888,False,PQ,-1.0,1.0,True,2050,20.0,0.010860696404741351,3649.145384531362,,0.0,0.0,0.0,0.0,1.0,0.0,0.0,0.0,0.0,False,,True,0.0,0.0
p66 4hr_battery_storage_2050,4hr_battery_storage,p66,0.0,inf,77451.10346,4.0,0.9219544457292888,0.9219544457292888,False,PQ,-1.0,1.0,True,2050,20.0,0.009323658619824676,826.426231978683,,0.0,0.0,0.0,0.0,1.0,0.0,0.0,0.0,0.0,False,,True,0.0,0.0
p67 4hr_battery_storage_2050,4hr_battery_storage,p67,0.0,inf,77451.10346,4.0,0.9219544457292888,0.9219544457292888,False,PQ,-1.0,1.0,True,2050,20.0,0.01044001649291984,0.08202389349068612,,0.0,0.0,0.0,0.0,1.0,0.0,0.0,0.0,0.0,False,,True,0.0,0.0
p68 4hr_battery_storage_2050,4hr_battery_storage,p68,0.0,inf,77451.10346,4.0,0.9219544457292888,0.9219544457292888,False,PQ,-1.0,1.0,True,2050,20.0,0.009506360890516099,38.60930159873062,,0.0,0.0,0.0,0.0,1.0,0.0,0.0,0.0,0.0,False,,True,0.0,0.0
p69 4hr_battery_storage_2050,4hr_battery_storage,p69,0.0,inf,77451.10346,4.0,0.9219544457292888,0.9219544457292888,False,PQ,-1.0,1.0,True,2050,20.0,0.010375928532794221,2.085029481288995,,0.0,0.0,0.0,0.0,1.0,0.0,0.0,0.0,0.0,False,,True,0.0,0.0
p7 4hr_battery_storage_2050,4hr_battery_storage,p7,0.0,inf,77451.10346,4.0,0.9219544457292888,0.9219544457292888,False,PQ,-1.0,1.0,True,2050,20.0,0.009381242775887933,0.03325483009074599,,0.0,0.0,0.0,0.0,1.0,0.0,0.0,0.0,0.0,False,,True,0.0,0.0
p70 4hr_battery_storage_2050,4hr_battery_storage,p70,0.0,inf,77451.10346,4.0,0.9219544457292888,0.9219544457292888,False,PQ,-1.0,1.0,True,2050,20.0,0.009095562009346322,1276.9667785801164,,0.0,0.0,0.0,0.0,1.0,0.0,0.0,0.0,0.0,False,,True,0.0,0.0
p71 4hr_battery_storage_2050,4hr_battery_storage,p71,0.0,inf,77451.10346,4.0,0.9219544457292888,0.9219544457292888,False,PQ,-1.0,1.0,True,2050,20.0,0.010569584746780745,592.521891127282,,0.0,0.0,0.0,0.0,1.0,0.0,0.0,0.0,0.0,False,,True,0.0,0.0
p72 4hr_battery_storage_2050,4hr_battery_storage,p72,0.0,inf,77451.10346,4.0,0.9219544457292888,0.9219544457292888,False,PQ,-1.0,1.0,True,2050,20.0,0.010634892510218916,1.1238201736718334,,0.0,0.0,0.0,0.0,1.0,0.0,0.0,0.0,0.0,False,,True,0.0,0.0
p73 4hr_battery_storage_2050,4hr_battery_storage,p73,0.0,inf,77451.10346,4.0,0.9219544457292888,0.9219544457292888,False,PQ,-1.0,1.0,True,2050,20.0,0.009324859678433585,38.338693335803846,,0.0,0.0,0.0,0.0,1.0,0.0,0.0,0.0,0.0,False,,True,0.0,0.0
p74 4hr_battery_storage_2050,4hr_battery_storage,p74,0.0,inf,77451.10346,4.0,0.9219544457292888,0.9219544457292888,False,PQ,-1.0,1.0,True,2050,20.0,0.0106141990781779,27.72768468708482,,0.0,0.0,0.0,0.0,1.0,0.0,0.0,0.0,0.0,False,,True,0.0,0.0
p75 4hr_battery_storage_2050,4hr_battery_storage,p75,0.0,inf,77451.10346,4.0,0.9219544457292888,0.9219544457292888,False,PQ,-1.0,1.0,True,2050,20.0,0.009656084082523986,846.4496094592193,,0.0,0.0,0.0,0.0,1.0,0.0,0.0,0.0,0.0,False,,True,0.0,0.0
p76 4hr_battery_storage_2050,4hr_battery_storage,p76,0.0,inf,77451.10346,4.0,0.9219544457292888,0.9219544457292888,False,PQ,-1.0,1.0,True,2050,20.0,0.010142294817025197,0.837704794315592,,0.0,0.0,0.0,0.0,1.0,0.0,0.0,0.0,0.0,False,,True,0.0,0.0
p77 4hr_battery_storage_2050,4hr_battery_storage,p77,0.0,inf,77451.10346,4.0,0.9219544457292888,0.9219544457292888,False,PQ,-1.0,1.0,True,2050,20.0,0.010203764029279706,229.1201302350511,,0.0,0.0,0.0,0.0,1.0,0.0,0.0,0.0,0.0,False,,True,0.0,0.0
p78 4hr_battery_storage_2050,4hr_battery_storage,p78,0.0,inf,77451.10346,4.0,0.9219544457292888,0.9219544457292888,False,PQ,-1.0,1.0,True,2050,20.0,0.010827264821887023,0.49378722706561934,,0.0,0.0,0.0,0.0,1.0,0.0,0.0,0.0,0.0,False,,True,0.0,0.0
p79 4hr_battery_storage_2050,4hr_battery_storage,p79,0.0,inf,77451.10346,4.0,0.9219544457292888,0.9219544457292888,False,PQ,-1.0,1.0,True,2050,20.0,0.010140461041342105,656.4752078448448,,0.0,0.0,0.0,0.0,1.0,0.0,0.0,0.0,0.0,False,,True,0.0,0.0
p8 4hr_battery_storage_2050,4hr_battery_storage,p8,0.0,inf,77451.10346,4.0,0.9219544457292888,0.9219544457292888,False,PQ,-1.0,1.0,True,2050,20.0,0.010737913014726503,0.037971306444769974,,0.0,0.0,0.0,0.0,1.0,0.0,0.0,0.0,0.0,False,,True,0.0,0.0
p80 4hr_battery_storage_2050,4hr_battery_storage,p80,0.0,inf,77451.10346,4.0,0.9219544457292888,0.9219544457292888,False,PQ,-1.0,1.0,True,2050,20.0,0.009843040565366954,938.6387572914011,,0.0,0.0,0.0,0.0,1.0,0.0,0.0,0.0,0.0,False,,True,0.0,0.0
p81 4hr_battery_storage_2050,4hr_battery_storage,p81,0.0,inf,77451.10346,4.0,0.9219544457292888,0.9219544457292888,False,PQ,-1.0,1.0,True,2050,20.0,0.01030634462039245,1107.6091754371735,,0.0,0.0,0.0,0.0,1.0,0.0,0.0,0.0,0.0,False,,True,0.0,0.0
p82 4hr_battery_storage_2050,4hr_battery_storage,p82,0.0,inf,77451.10346,4.0,0.9219544457292888,0.9219544457292888,False,PQ,-1.0,1.0,True,2050,20.0,0.009382932167627528,0.35043343089372037,,0.0,0.0,0.0,0.0,1.0,0.0,0.0,0.0,0.0,False,,True,0.0,0.0
p83 4hr_battery_storage_2050,4hr_battery_storage,p83,0.0,inf,77451.10346,4.0,0.9219544457292888,0.9219544457292888,False,PQ,-1.0,1.0,True,2050,20.0,0.010424428609180095,275.9107525851098,,0.0,0.0,0.0,0.0,1.0,0.0,0.0,0.0,0.0,False,,True,0.0,0.0
p84 4hr_battery_storage_2050,4hr_battery_storage,p84,0.0,inf,77451.10346,4.0,0.9219544457292888,0.9219544457292888,False,PQ,-1.0,1.0,True,2050,20.0,0.01085550915187486,74.05889861629214,,0.0,0.0,0.0,0.0,1.0,0.0,0.0,0.0,0.0,False,,True,0.0,0.0
p85 4hr_battery_storage_2050,4hr_battery_storage,p85,0.0,inf,77451.10346,4.0,0.9219544457292888,0.9219544457292888,False,PQ,-1.0,1.0,True,2050,20.0,0.009854352738976483,3519.939939882671,,0.0,0.0,0.0,0.0,1.0,0.0,0.0,0.0,0.0,False,,True,0.0,0.0
p86 4hr_battery_storage_2050,4hr_battery_storage,p86,0.0,inf,77451.10346,4.0,0.9219544457292888,0.9219544457292888,False,PQ,-1.0,1.0,True,2050,20.0,0.010294579093803836,1.6861796407563223,,0.0,0.0,0.0,0.0,1.0,0.0,0.0,0.0,0.0,False,,True,0.0,0.0
p87 4hr_battery_storage_2050,4hr_battery_storage,p87,0.0,inf,77451.10346,4.0,0.9219544457292888,0.9219544457292888,False,PQ,-1.0,1.0,True,2050,20.0,0.010088595947011112,2212.8686929373225,,0.0,0.0,0.0,0.0,1.0,0.0,0.0,0.0,0.0,False,,True,0.0,0.0
p88 4hr_battery_storage_2050,4hr_battery_storage,p88,0.0,inf,77451.10346,4.0,0.9219544457292888,0.9219544457292888,False,PQ,-1.0,1.0,True,2050,20.0,0.009029001801426606,0.9022287074442032,,0.0,0.0,0.0,0.0,1.0,0.0,0.0,0.0,0.0,False,,True,0.0,0.0
p89 4hr_battery_storage_2050,4hr_battery_storage,p89,0.0,inf,77451.10346,4.0,0.9219544457292888,0.9219544457292888,False,PQ,-1.0,1.0,True,2050,20.0,0.0108155659163008,347.05374926614115,,0.0,0.0,0.0,0.0,1.0,0.0,0.0,0.0,0.0,False,,True,0.0,0.0
p9 4hr_battery_storage_2050,4hr_battery_storage,p9,0.0,inf,77451.10346,4.0,0.9219544457292888,0.9219544457292888,False,PQ,-1.0,1.0,True,2050,20.0,0.010618580681153383,0.02765052135818608,,0.0,0.0,0.0,0.0,1.0,0.0,0.0,0.0,0.0,False,,True,0.0,0.0
p90 4hr_battery_storage_2050,4hr_battery_storage,p90,0.0,inf,77451.10346,4.0,0.9219544457292888,0.9219544457292888,False,PQ,-1.0,1.0,True,2050,20.0,0.009830969526217564,1487.838470282762,,0.0,0.0,0.0,0.0,1.0,0.0,0.0,0.0,0.0,False,,True,0.0,0.0
p91 4hr_battery_storage_2050,4hr_battery_storage,p91,0.0,inf,77451.10346,4.0,0.9219544457292888,0.9219544457292888,False,PQ,-1.0,1.0,True,2050,20.0,0.009181936592916037,3.0149676229475584,,0.0,0.0,0.0,0.0,1.0,0.0,0.0,0.0,0.0,False,,True,0.0,0.0
p92 4hr_battery_storage_2050,4hr_battery_storage,p92,0.0,inf,77451.10346,4.0,0.9219544457292888,0.9219544457292888,False,PQ,-1.0,1.0,True,2050,20.0,0.009703190681549304,0.7460620507201468,,0.0,0.0,0.0,0.0,1.0,0.0,0.0,0.0,0.0,False,,True,0.0,0.0
p93 4hr_battery_storage_2050,4hr_battery_storage,p93,0.0,inf,77451.10346,4.0,0.9219544457292888,0.9219544457292888,False,PQ,-1.0,1.0,True,2050,20.0,0.01005128363509541,1138.6132819686495,,0.0,0.0,0.0,0.0,1.0,0.0,0.0,0.0,0.0,False,,True,0.0,0.0
p94 4hr_battery_storage_2050,4hr_battery_storage,p94,0.0,inf,77451.10346,4.0,0.9219544457292888,0.9219544457292888,False,PQ,-1.0,1.0,True,2050,20.0,0.009488346726651364,5509.693190079803,,0.0,0.0,0.0,0.0,1.0,0.0,0.0,0.0,0.0,False,,True,0.0,0.0
p95 4hr_battery_storage_2050,4hr_battery_storage,p95,0.0,inf,77451.10346,4.0,0.9219544457292888,0.9219544457292888,False,PQ,-1.0,1.0,True,2050,20.0,0.010665010183779548,0.3143602299707564,,0.0,0.0,0.0,0.0,1.0,0.0,0.0,0.0,0.0,False,,True,0.0,0.0
p96 4hr_battery_storage_2050,4hr_battery_storage,p96,0.0,inf,77451.10346,4.0,0.9219544457292888,0.9219544457292888,False,PQ,-1.0,1.0,True,2050,20.0,0.009590954063081827,0.6754446287724711,,0.0,0.0,0.0,0.0,1.0,0.0,0.0,0.0,0.0,False,,True,0.0,0.0
p97 4hr_battery_storage_2050,4hr_battery_storage,p97,0.0,inf,77451.10346,4.0,0.9219544457292888,0.9219544457292888,False,PQ,-1.0,1.0,True,2050,20.0,0.009409866380744014,650.7755253725775,,0.0,0.0,0.0,0.0,1.0,0.0,0.0,0.0,0.0,False,,True,0.0,0.0
p98 4hr_battery_storage_2050,4hr_battery_storage,p98,0.0,inf,77451.10346,4.0,0.9219544457292888,0.9219544457292888,False,PQ,-1.0,1.0,True,2050,20.0,0.009345728009138037,2991.5443709101955,,0.0,0.0,0.0,0.0,1.0,0.0,0.0,0.0,0.0,False,,True,0.0,0.0
p99 4hr_battery_storage_2050,4hr_battery_storage,p99,0.0,inf,77451.10346,4.0,0.9219544457292888,0.9219544457292888,False,PQ,-1.0,1.0,True,2050,20.0,0.010452539182820055,3827.2100215019877,,0.0,0.0,0.0,0.0,1.0,0.0,0.0,0.0,0.0,False,,True,0.0,0.0
p1 8hr_battery_storage_2050,8hr_battery_storage,p1,0.0,inf,127348.69564,8.0,0.9219544457292888,0.9219544457292888,False,PQ,-1.0,1.0,True,2050,20.0,0.010093245372923238,1430.4286477262815,,0.0,0.0,0.0,0.0,1.0,0.0,0.0,0.0,0.0,False,,True,0.0,0.0
p10 8hr_battery_storage_2050,8hr_battery_storage,p10,0.0,inf,127348.69564,8.0,0.9219544457292888,0.9219544457292888,False,PQ,-1.0,1.0,True,2050,20.0,0.010391948797906581,4535.408592224705,,0.0,0.0,0.0,0.0,1.0,0.0,0.0,0.0,0.0,False,,True,0.0,0.0
p100 8hr_battery_storage_2050,8hr_battery_storage,p100,0.0,inf,127348.69564,8.0,0.9219544457292888,0.9219544457292888,False,PQ,-1.0,1.0,True,2050,20.0,0.00958069020929189,103.57664148723357,,0.0,0.0,0.0,0.0,1.0,0.0,0.0,0.0,0.0,False,,True,0.0,0.0
p101 8hr_battery_storage_2050,8hr_battery_storage,p101,0.0,inf,127348.69564,8.0,0.9219544457292888,0.9219544457292888,False,PQ,-1.0,1.0,True,2050,20.0,0.009800006171320316,2346.285517995653,,0.0,0.0,0.0,0.0,1.0,0.0,0.0,0.0,0.0,False,,True,0.0,0.0
p102 8hr_battery_storage_2050,8hr_battery_storage,p102,0.0,inf,127348.69564,8.0,0.9219544457292888,0.9219544457292888,False,PQ,-1.0,1.0,True,2050,20.0,0.010791214545727033,3256.7430129782915,,0.0,0.0,0.0,0.0,1.0,0.0,0.0,0.0,0.0,False,,True,0.0,0.0
p103 8hr_battery_storage_2050,8hr_battery_storage,p103,0.0,inf,127348.69564,8.0,0.9219544457292888,0.9219544457292888,False,PQ,-1.0,1.0,True,2050,20.0,0.009660804919618595,3923.8882093639277,,0.0,0.0,0.0,0.0,1.0,0.0,0.0,0.0,0.0,False,,True,0.0,0.0
p104 8hr_battery_storage_2050,8hr_battery_storage,p104,0.0,inf,127348.69564,8.0,0.9219544457292888,0.9219544457292888,False,PQ,-1.0,1.0,True,2050,20.0,0.010805898273196219,99.53588581856293,,0.0,0.0,0.0,0.0,1.0,0.0,0.0,0.0,0.0,False,,True,0.0,0.0
p105 8hr_battery_storage_2050,8hr_battery_storage,p105,0.0,inf,127348.69564,8.0,0.9219544457292888,0.9219544457292888,False,PQ,-1.0,1.0,True,2050,20.0,0.010932570880872244,1288.1949489147823,,0.0,0.0,0.0,0.0,1.0,0.0,0.0,0.0,0.0,False,,True,0.0,0.0
p106 8hr_battery_storage_2050,8hr_battery_storage,p106,0.0,inf,127348.69564,8.0,0.9219544457292888,0.9219544457292888,False,PQ,-1.0,1.0,True,2050,20.0,0.009039068148350779,149.2197201280382,,0.0,0.0,0.0,0.0,1.0,0.0,0.0,0.0,0.0,False,,True,0.0,0.0
p107 8hr_battery_storage_2050,8hr_battery_storage,p107,0.0,inf,127348.69564,8.0,0.9219544457292888,0.9219544457292888,False,PQ,-1.0,1.0,True,2050,20.0,0.00998846085018256,433.00691342464023,,0.0,0.0,0.0,0.0,1.0,0.0,0.0,0.0,0.0,False,,True,0.0,0.0
p108 8hr_battery_storage_2050,8hr_battery_storage,p108,0.0,inf,127348.69564,8.0,0.9219544457292888,0.9219544457292888,False,PQ,-1.0,1.0,True,2050,20.0,0.010244112007006784,465.65970216792397,,0.0,0.0,0.0,0.0,1.0,0.0,0.0,0.0,0.0,False,,True,0.0,0.0
p109 8hr_battery_storage_2050,8hr_battery_storage,p109,0.0,inf,127348.69564,8.0,0.9219544457292888,0.9219544457292888,False,PQ,-1.0,1.0,True,2050,20.0,0.009025002798813242,3620.716437150532,,0.0,0.0,0.0,0.0,1.0,0.0,0.0,0.0,0.0,False,,True,0.0,0.0
p11 8hr_battery_storage_2050,8hr_battery_storage,p11,0.0,inf,127348.69564,8.0,0.9219544457292888,0.9219544457292888,False,PQ,-1.0,1.0,True,2050,20.0,0.009700328495239524,1072.0660068928848,,0.0,0.0,0.0,0.0,1.0,0.0,0.0,0.0,0.0,False,,True,0.0,0.0
p110 8hr_battery_storage_2050,8hr_battery_storage,p110,0.0,inf,127348.69564,8.0,0.9219544457292888,0.9219544457292888,False,PQ,-1.0,1.0,True,2050,20.0,0.009056087217011033,81.36030034630625,,0.0,0.0,0.0,0.0,1.0,0.0,0.0,0.0,0.0,False,,True,0.0,0.0
p111 8hr_battery_storage_2050,8hr_battery_storage,p111,0.0,inf,127348.69564,8.0,0.9219544457292888,0.9219544457292888,False,PQ,-1.0,1.0,True,2050,20.0,0.010232982952000126,0.8151276301975787,,0.0,0.0,0.0,0.0,1.0,0.0,0.0,0.0,0.0,False,,True,0.0,0.0
p112 8hr_battery_storage_2050,8hr_battery_storage,p112,0.0,inf,127348.69564,8.0,0.9219544457292888,0.9219544457292888,False,PQ,-1.0,1.0,True,2050,20.0,0.009926316604920745,0.7245614286385711,,0.0,0.0,0.0,0.0,1.0,0.0,0.0,0.0,0.0,False,,True,0.0,0.0
p113 8hr_battery_storage_2050,8hr_battery_storage,p113,0.0,inf,127348.69564,8.0,0.9219544457292888,0.9219544457292888,False,PQ,-1.0,1.0,True,2050,20.0,0.00952582997912048,76.1005414627135,,0.0,0.0,0.0,0.0,1.0,0.0,0.0,0.0,0.0,False,,True,0.0,0.0
p114 8hr_battery_storage_2050,8hr_battery_storage,p114,0.0,inf,127348.69564,8.0,0.9219544457292888,0.9219544457292888,False,PQ,-1.0,1.0,True,2050,20.0,0.01055518055301814,1.1117539166254227,,0.0,0.0,0.0,0.0,1.0,0.0,0.0,0.0,0.0,False,,True,0.0,0.0
p115 8hr_battery_storage_2050,8hr_battery_storage,p115,0.0,inf,127348.69564,8.0,0.9219544457292888,0.9219544457292888,False,PQ,-1.0,1.0,True,2050,20.0,0.010085828817769054,278.380248861105,,0.0,0.0,0.0,0.0,1.0,0.0,0.0,0.0,0.0,False,,True,0.0,0.0
p116 8hr_battery_storage_2050,8hr_battery_storage,p116,0.0,inf,127348.69564,8.0,0.9219544457292888,0.9219544457292888,False,PQ,-1.0,1.0,True,2050,20.0,0.009664854467262238,166.2906684155242,,0.0,0.0,0.0,0.0,1.0,0.0,0.0,0.0,0.0,False,,True,0.0,0.0
p117 8hr_battery_storage_2050,8hr_battery_storage,p117,0.0,inf,127348.69564,8.0,0.9219544457292888,0.9219544457292888,False,PQ,-1.0,1.0,True,2050,20.0,0.010870605813848952,213.9248030585116,,0.0,0.0,0.0,0.0,1.0,0.0,0.0,0.0,0.0,False,,True,0.0,0.0
p118 8hr_battery_storage_2050,8hr_battery_storage,p118,0.0,inf,127348.69564,8.0,0.9219544457292888,0.9219544457292888,False,PQ,-1.0,1.0,True,2050,20.0,0.010951668730157368,0.4200179016661289,,0.0,0.0,0.0,0.0,1.0,0.0,0.0,0.0,0.0,False,,True,0.0,0.0
p119 8hr_battery_storage_2050,8hr_battery_storage,p119,0.0,inf,127348.69564,8.0,0.9219544457292888,0.9219544457292888,False,PQ,-1.0,1.0,True,2050,20.0,0.009364802117919463,35.75707938251152,,0.0,0.0,0.0,0.0,1.0,0.0,0.0,0.0,0.0,False,,True,0.0,0.0
p12 8hr_battery_storage_2050,8hr_battery_storage,p12,0.0,inf,127348.69564,8.0,0.9219544457292888,0.9219544457292888,False,PQ,-1.0,1.0,True,2050,20.0,0.01095678358993698,441.98368213330866,,0.0,0.0,0.0,0.0,1.0,0.0,0.0,0.0,0.0,False,,True,0.0,0.0
p120 8hr_battery_storage_2050,8hr_battery_storage,p120,0.0,inf,127348.69564,8.0,0.9219544457292888,0.9219544457292888,False,PQ,-1.0,1.0,True,2050,20.0,0.010175208037366872,132.99905577971728,,0.0,0.0,0.0,0.0,1.0,0.0,0.0,0.0,0.0,False,,True,0.0,0.0
p121 8hr_battery_storage_2050,8hr_battery_storage,p121,0.0,inf,127348.69564,8.0,0.9219544457292888,0.9219544457292888,False,PQ,-1.0,1.0,True,2050,20.0,0.010750716864882078,706.340135210784,,0.0,0.0,0.0,0.0,1.0,0.0,0.0,0.0,0.0,False,,True,0.0,0.0
p122 8hr_battery_storage_2050,8hr_battery_storage,p122,0.0,inf,127348.69564,8.0,0.9219544457292888,0.9219544457292888,False,PQ,-1.0,1.0,True,2050,20.0,0.009582995052472646,0.5042656076330304,,0.0,0.0,0.0,0.0,1.0,0.0,0.0,0.0,0.0,False,,True,0.0,0.0
p123 8hr_battery_storage_2050,8hr_battery_storage,p123,0.0,inf,127348.69564,8.0,0.9219544457292888,0.9219544457292888,False,PQ,-1.0,1.0,True,2050,20.0,0.009093215479292538,0.25109352690727405,,0.0,0.0,0.0,0.0,1.0,0.0,0.0,0.0,0.0,False,,True,0.0,0.0
p124 8hr_battery_storage_2050,8hr_battery_storage,p124,0.0,inf,127348.69564,8.0,0.9219544457292888,0.9219544457292888,False,PQ,-1.0,1.0,True,2050,20.0,0.009025170162513684,127.51030771017788,,0.0,0.0,0.0,0.0,1.0,0.0,0.0,0.0,0.0,False,,True,0.0,0.0
p125 8hr_battery_storage_2050,8hr_battery_storage,p125,0.0,inf,127348.69564,8.0,0.9219544457292888,0.9219544457292888,False,PQ,-1.0,1.0,True,2050,20.0,0.009861862170483434,0.46733976882241707,,0.0,0.0,0.0,0.0,1.0,0.0,0.0,0.0,0.0,False,,True,0.0,0.0
p126 8hr_battery_storage_2050,8hr_battery_storage,p126,0.0,inf,127348.69564,8.0,0.9219544457292888,0.9219544457292888,False,PQ,-1.0,1.0,True,2050,20.0,0.009009097698502803,0.503085422294912,,0.0,0.0,0.0,0.0,1.0,0.0,0.0,0.0,0.0,False,,True,0.0,0.0
p127 8hr_battery_storage_2050,8hr_battery_storage,p127,0.0,inf,127348.69564,8.0,0.9219544457292888,0.9219544457292888,False,PQ,-1.0,1.0,True,2050,20.0,0.009890962853797697,716.3666335214398,,0.0,0.0,0.0,0.0,1.0,0.0,0.0,0.0,0.0,False,,True,0.0,0.0
p128 8hr_battery_storage_2050,8hr_battery_storage,p128,0.0,inf,127348.69564,8.0,0.9219544457292888,0.9219544457292888,False,PQ,-1.0,1.0,True,2050,20.0,0.010487940494627677,0.5110720994612282,,0.0,0.0,0.0,0.0,1.0,0.0,0.0,0.0,0.0,False,,True,0.0,0.0
p129 8hr_battery_storage_2050,8hr_battery_storage,p129,0.0,inf,127348.69564,8.0,0.9219544457292888,0.9219544457292888,False,PQ,-1.0,1.0,True,2050,20.0,0.010336668504298497,134.36811894685235,,0.0,0.0,0.0,0.0,1.0,0.0,0.0,0.0,0.0,False,,True,0.0,0.0
p13 8hr_battery_storage_2050,8hr_battery_storage,p13,0.0,inf,127348.69564,8.0,0.9219544457292888,0.9219544457292888,False,PQ,-1.0,1.0,True,2050,20.0,0.01046391099586541,841.2332867076586,,0.0,0.0,0.0,0.0,1.0,0.0,0.0,0.0,0.0,False,,True,0.0,0.0
p130 8hr_battery_storage_2050,8hr_battery_storage,p130,0.0,inf,127348.69564,8.0,0.9219544457292888,0.9219544457292888,False,PQ,-1.0,1.0,True,2050,20.0,0.010189161756361885,0.07991696664161818,,0.0,0.0,0.0,0.0,1.0,0.0,0.0,0.0,0.0,False,,True,0.0,0.0
p131 8hr_battery_storage_2050,8hr_battery_storage,p131,0.0,inf,127348.69564,8.0,0.9219544457292888,0.9219544457292888,False,PQ,-1.0,1.0,True,2050,20.0,0.010907979628110909,0.34722566827931967,,0.0,0.0,0.0,0.0,1.0,0.0,0.0,0.0,0.0,False,,True,0.0,0.0
p132 8hr_battery_storage_2050,8hr_battery_storage,p132,0.0,inf,127348.69564,8.0,0.9219544457292888,0.9219544457292888,False,PQ,-1.0,1.0,True,2050,20.0,0.009480205339008355,0.21051193605368163,,0.0,0.0,0.0,0.0,1.0,0.0,0.0,0.0,0.0,False,,True,0.0,0.0
p133 8hr_battery_storage_2050,8hr_battery_storage,p133,0.0,inf,127348.69564,8.0,0.9219544457292888,0.9219544457292888,False,PQ,-1.0,1.0,True,2050,20.0,0.01080765301678441,40.39780169051584,,0.0,0.0,0.0,0.0,1.0,0.0,0.0,0.0,0.0,False,,True,0.0,0.0
p134 8hr_battery_storage_2050,8hr_battery_storage,p134,0.0,inf,127348.69564,8.0,0.9219544457292888,0.9219544457292888,False,PQ,-1.0,1.0,True,2050,20.0,0.010963457439888599,2218.5455938513583,,0.0,0.0,0.0,0.0,1.0,0.0,0.0,0.0,0.0,False,,True,0.0,0.0
p14 8hr_battery_storage_2050,8hr_battery_storage,p14,0.0,inf,127348.69564,8.0,0.9219544457292888,0.9219544457292888,False,PQ,-1.0,1.0,True,2050,20.0,0.009007096140726248,48.67932079457928,,0.0,0.0,0.0,0.0,1.0,0.0,0.0,0.0,0.0,False,,True,0.0,0.0
p15 8hr_battery_storage_2050,8hr_battery_storage,p15,0.0,inf,127348.69564,8.0,0.9219544457292888,0.9219544457292888,False,PQ,-1.0,1.0,True,2050,20.0,0.009862275571930389,1161.5885508184888,,0.0,0.0,0.0,0.0,1.0,0.0,0.0,0.0,0.0,False,,True,0.0,0.0
p16 8hr_battery_storage_2050,8hr_battery_storage,p16,0.0,inf,127348.69564,8.0,0.9219544457292888,0.9219544457292888,False,PQ,-1.0,1.0,True,2050,20.0,0.010352144422095137,295.6545362537466,,0.0,0.0,0.0,0.0,1.0,0.0,0.0,0.0,0.0,False,,True,0.0,0.0
p17 8hr_battery_storage_2050,8hr_battery_storage,p17,0.0,inf,127348.69564,8.0,0.9219544457292888,0.9219544457292888,False,PQ,-1.0,1.0,True,2050,20.0,0.010229071101359372,294.45321518804576,,0.0,0.0,0.0,0.0,1.0,0.0,0.0,0.0,0.0,False,,True,0.0,0.0
p18 8hr_battery_storage_2050,8hr_battery_storage,p18,0.0,inf,127348.69564,8.0,0.9219544457292888,0.9219544457292888,False,PQ,-1.0,1.0,True,2050,20.0,0.010978487376989981,0.09424616666004723,,0.0,0.0,0.0,0.0,1.0,0.0,0.0,0.0,0.0,False,,True,0.0,0.0
p19 8hr_battery_storage_2050,8hr_battery_storage,p19,0.0,inf,127348.69564,8.0,0.9219544457292888,0.9219544457292888,False,PQ,-1.0,1.0,True,2050,20.0,0.010320736164395602,140.89519134182305,,0.0,0.0,0.0,0.0,1.0,0.0,0.0,0.0,0.0,False,,True,0.0,0.0
p2 8hr_battery_storage_2050,8hr_battery_storage,p2,0.0,inf,127348.69564,8.0,0.9219544457292888,0.9219544457292888,False,PQ,-1.0,1.0,True,2050,20.0,0.01023489237006314,263.2207085186895,,0.0,0.0,0.0,0.0,1.0,0.0,0.0,0.0,0.0,False,,True,0.0,0.0
p20 8hr_battery_storage_2050,8hr_battery_storage,p20,0.0,inf,127348.69564,8.0,0.9219544457292888,0.9219544457292888,False,PQ,-1.0,1.0,True,2050,20.0,0.010852658639429311,67.79550502043509,,0.0,0.0,0.0,0.0,1.0,0.0,0.0,0.0,0.0,False,,True,0.0,0.0
p21 8hr_battery_storage_2050,8hr_battery_storage,p21,0.0,inf,127348.69564,8.0,0.9219544457292888,0.9219544457292888,False,PQ,-1.0,1.0,True,2050,20.0,0.010804228865312182,71.96504926586604,,0.0,0.0,0.0,0.0,1.0,0.0,0.0,0.0,0.0,False,,True,0.0,0.0
p22 8hr_battery_storage_2050,8hr_battery_storage,p22,0.0,inf,127348.69564,8.0,0.9219544457292888,0.9219544457292888,False,PQ,-1.0,1.0,True,2050,20.0,0.01066837186035305,0.07967396564110057,,0.0,0.0,0.0,0.0,1.0,0.0,0.0,0.0,0.0,False,,True,0.0,0.0
p23 8hr_battery_storage_2050,8hr_battery_storage,p23,0.0,inf,127348.69564,8.0,0.9219544457292888,0.9219544457292888,False,PQ,-1.0,1.0,True,2050,20.0,0.009814749360152909,351.86829902328725,,0.0,0.0,0.0,0.0,1.0,0.0,0.0,0.0,0.0,False,,True,0.0,0.0
p24 8hr_battery_storage_2050,8hr_battery_storage,p24,0.0,inf,127348.69564,8.0,0.9219544457292888,0.9219544457292888,False,PQ,-1.0,1.0,True,2050,20.0,0.010394996403288696,50.2565066651587,,0.0,0.0,0.0,0.0,1.0,0.0,0.0,0.0,0.0,False,,True,0.0,0.0
p25 8hr_battery_storage_2050,8hr_battery_storage,p25,0.0,inf,127348.69564,8.0,0.9219544457292888,0.9219544457292888,False,PQ,-1.0,1.0,True,2050,20.0,0.010911999786181677,3270.853625240257,,0.0,0.0,0.0,0.0,1.0,0.0,0.0,0.0,0.0,False,,True,0.0,0.0
p26 8hr_battery_storage_2050,8hr_battery_storage,p26,0.0,inf,127348.69564,8.0,0.9219544457292888,0.9219544457292888,False,PQ,-1.0,1.0,True,2050,20.0,0.009479772103598634,116.79099123978784,,0.0,0.0,0.0,0.0,1.0,0.0,0.0,0.0,0.0,False,,True,0.0,0.0
p27 8hr_battery_storage_2050,8hr_battery_storage,p27,0.0,inf,127348.69564,8.0,0.9219544457292888,0.9219544457292888,False,PQ,-1.0,1.0,True,2050,20.0,0.009975962467935945,996.1156533732562,,0.0,0.0,0.0,0.0,1.0,0.0,0.0,0.0,0.0,False,,True,0.0,0.0
p28 8hr_battery_storage_2050,8hr_battery_storage,p28,0.0,inf,127348.69564,8.0,0.9219544457292888,0.9219544457292888,False,PQ,-1.0,1.0,True,2050,20.0,0.010515142373212522,824.9181602499629,,0.0,0.0,0.0,0.0,1.0,0.0,0.0,0.0,0.0,False,,True,0.0,0.0
p29 8hr_battery_storage_2050,8hr_battery_storage,p29,0.0,inf,127348.69564,8.0,0.9219544457292888,0.9219544457292888,False,PQ,-1.0,1.0,True,2050,20.0,0.010195530811685534,295.93558619593455,,0.0,0.0,0.0,0.0,1.0,0.0,0.0,0.0,0.0,False,,True,0.0,0.0
p3 8hr_battery_storage_2050,8hr_battery_storage,p3,0.0,inf,127348.69564,8.0,0.9219544457292888,0.9219544457292888,False,PQ,-1.0,1.0,True,2050,20.0,0.010567496167734471,0.07400329438633581,,0.0,0.0,0.0,0.0,1.0,0.0,0.0,0.0,0.0,False,,True,0.0,0.0
p30 8hr_battery_storage_2050,8hr_battery_storage,p30,0.0,inf,127348.69564,8.0,0.9219544457292888,0.9219544457292888,False,PQ,-1.0,1.0,True,2050,20.0,0.009528020897724254,767.4646682105949,,0.0,0.0,0.0,0.0,1.0,0.0,0.0,0.0,0.0,False,,True,0.0,0.0
p31 8hr_battery_storage_2050,8hr_battery_storage,p31,0.0,inf,127348.69564,8.0,0.9219544457292888,0.9219544457292888,False,PQ,-1.0,1.0,True,2050,20.0,0.009261650882500526,659.3035370098396,,0.0,0.0,0.0,0.0,1.0,0.0,0.0,0.0,0.0,False,,True,0.0,0.0
p32 8hr_battery_storage_2050,8hr_battery_storage,p32,0.0,inf,127348.69564,8.0,0.9219544457292888,0.9219544457292888,False,PQ,-1.0,1.0,True,2050,20.0,0.00994242523684735,5.8574415949268275,,0.0,0.0,0.0,0.0,1.0,0.0,0.0,0.0,0.0,False,,True,0.0,0.0
p33 8hr_battery_storage_2050,8hr_battery_storage,p33,0.0,inf,127348.69564,8.0,0.9219544457292888,0.9219544457292888,False,PQ,-1.0,1.0,True,2050,20.0,0.010329629207599705,678.8808336147888,,0.0,0.0,0.0,0.0,1.0,0.0,0.0,0.0,0.0,False,,True,0.0,0.0
p34 8hr_battery_storage_2050,8hr_battery_storage,p34,0.0,inf,127348.69564,8.0,0.9219544457292888,0.9219544457292888,False,PQ,-1.0,1.0,True,2050,20.0,0.010195092819187717,663.1757051991008,,0.0,0.0,0.0,0.0,1.0,0.0,0.0,0.0,0.0,False,,True,0.0,0.0
p35 8hr_battery_storage_2050,8hr_battery_storage,p35,0.0,inf,127348.69564,8.0,0.9219544457292888,0.9219544457292888,False,PQ,-1.0,1.0,True,2050,20.0,0.010221350957093513,142.3100130093667,,0.0,0.0,0.0,0.0,1.0,0.0,0.0,0.0,0.0,False,,True,0.0,0.0
p36 8hr_battery_storage_2050,8hr_battery_storage,p36,0.0,inf,127348.69564,8.0,0.9219544457292888,0.9219544457292888,False,PQ,-1.0,1.0,True,2050,20.0,0.009185323732626621,329.946802865962,,0.0,0.0,0.0,0.0,1.0,0.0,0.0,0.0,0.0,False,,True,0.0,0.0
p37 8hr_battery_storage_2050,8hr_battery_storage,p37,0.0,inf,127348.69564,8.0,0.9219544457292888,0.9219544457292888,False,PQ,-1.0,1.0,True,2050,20.0,0.009982637582732285,398.9707467479694,,0.0,0.0,0.0,0.0,1.0,0.0,0.0,0.0,0.0,False,,True,0.0,0.0
p38 8hr_battery_storage_2050,8hr_battery_storage,p38,0.0,inf,127348.69564,8.0,0.9219544457292888,0.9219544457292888,False,PQ,-1.0,1.0,True,2050,20.0,0.009404930070231236,1182.935778753254,,0.0,0.0,0.0,0.0,1.0,0.0,0.0,0.0,0.0,False,,True,0.0,0.0
p39 8hr_battery_storage_2050,8hr_battery_storage,p39,0.0,inf,127348.69564,8.0,0.9219544457292888,0.9219544457292888,False,PQ,-1.0,1.0,True,2050,20.0,0.01042135609280859,170.64248424110198,,0.0,0.0,0.0,0.0,1.0,0.0,0.0,0.0,0.0,False,,True,0.0,0.0
p4 8hr_battery_storage_2050,8hr_battery_storage,p4,0.0,inf,127348.69564,8.0,0.9219544457292888,0.9219544457292888,False,PQ,-1.0,1.0,True,2050,20.0,0.010116838335339612,0.12691456670394682,,0.0,0.0,0.0,0.0,1.0,0.0,0.0,0.0,0.0,False,,True,0.0,0.0
p40 8hr_battery_storage_2050,8hr_battery_storage,p40,0.0,inf,127348.69564,8.0,0.9219544457292888,0.9219544457292888,False,PQ,-1.0,1.0,True,2050,20.0,0.010201555104315009,983.9149068308151,,0.0,0.0,0.0,0.0,1.0,0.0,0.0,0.0,0.0,False,,True,0.0,0.0
p41 8hr_battery_storage_2050,8hr_battery_storage,p41,0.0,inf,127348.69564,8.0,0.9219544457292888,0.9219544457292888,False,PQ,-1.0,1.0,True,2050,20.0,0.010191133789841962,0.0929748961225908,,0.0,0.0,0.0,0.0,1.0,0.0,0.0,0.0,0.0,False,,True,0.0,0.0
p42 8hr_battery_storage_2050,8hr_battery_storage,p42,0.0,inf,127348.69564,8.0,0.9219544457292888,0.9219544457292888,False,PQ,-1.0,1.0,True,2050,20.0,0.009612426957738196,192.52290527717082,,0.0,0.0,0.0,0.0,1.0,0.0,0.0,0.0,0.0,False,,True,0.0,0.0
p43 8hr_battery_storage_2050,8hr_battery_storage,p43,0.0,inf,127348.69564,8.0,0.9219544457292888,0.9219544457292888,False,PQ,-1.0,1.0,True,2050,20.0,0.009166738439885656,0.13742853791420223,,0.0,0.0,0.0,0.0,1.0,0.0,0.0,0.0,0.0,False,,True,0.0,0.0
p44 8hr_battery_storage_2050,8hr_battery_storage,p44,0.0,inf,127348.69564,8.0,0.9219544457292888,0.9219544457292888,False,PQ,-1.0,1.0,True,2050,20.0,0.00982617812835019,182.08711799430168,,0.0,0.0,0.0,0.0,1.0,0.0,0.0,0.0,0.0,False,,True,0.0,0.0
p45 8hr_battery_storage_2050,8hr_battery_storage,p45,0.0,inf,127348.69564,8.0,0.9219544457292888,0.9219544457292888,False,PQ,-1.0,1.0,True,2050,20.0,0.009595482827788862,447.971626667398,,0.0,0.0,0.0,0.0,1.0,0.0,0.0,0.0,0.0,False,,True,0.0,0.0
p46 8hr_battery_storage_2050,8hr_battery_storage,p46,0.0,inf,127348.69564,8.0,0.9219544457292888,0.9219544457292888,False,PQ,-1.0,1.0,True,2050,20.0,0.01013941497818855,1056.4337877358942,,0.0,0.0,0.0,0.0,1.0,0.0,0.0,0.0,0.0,False,,True,0.0,0.0
p47 8hr_battery_storage_2050,8hr_battery_storage,p47,0.0,inf,127348.69564,8.0,0.9219544457292888,0.9219544457292888,False,PQ,-1.0,1.0,True,2050,20.0,0.00944627549675347,49.1303448938435,,0.0,0.0,0.0,0.0,1.0,0.0,0.0,0.0,0.0,False,,True,0.0,0.0
p48 8hr_battery_storage_2050,8hr_battery_storage,p48,0.0,inf,127348.69564,8.0,0.9219544457292888,0.9219544457292888,False,PQ,-1.0,1.0,True,2050,20.0,0.009447403594632598,856.5494637027541,,0.0,0.0,0.0,0.0,1.0,0.0,0.0,0.0,0.0,False,,True,0.0,0.0
p49 8hr_battery_storage_2050,8hr_battery_storage,p49,0.0,inf,127348.69564,8.0,0.9219544457292888,0.9219544457292888,False,PQ,-1.0,1.0,True,2050,20.0,0.009650311981353573,16.97617822044276,,0.0,0.0,0.0,0.0,1.0,0.0,0.0,0.0,0.0,False,,True,0.0,0.0
p5 8hr_battery_storage_2050,8hr_battery_storage,p5,0.0,inf,127348.69564,8.0,0.9219544457292888,0.9219544457292888,False,PQ,-1.0,1.0,True,2050,20.0,0.009346648985886323,141.69301062322916,,0.0,0.0,0.0,0.0,1.0,0.0,0.0,0.0,0.0,False,,True,0.0,0.0
p50 8hr_battery_storage_2050,8hr_battery_storage,p50,0.0,inf,127348.69564,8.0,0.9219544457292888,0.9219544457292888,False,PQ,-1.0,1.0,True,2050,20.0,0.009804021522264986,4607.153027884468,,0.0,0.0,0.0,0.0,1.0,0.0,0.0,0.0,0.0,False,,True,0.0,0.0
p51 8hr_battery_storage_2050,8hr_battery_storage,p51,0.0,inf,127348.69564,8.0,0.9219544457292888,0.9219544457292888,False,PQ,-1.0,1.0,True,2050,20.0,0.01064803440172588,508.77549773214065,,0.0,0.0,0.0,0.0,1.0,0.0,0.0,0.0,0.0,False,,True,0.0,0.0
p52 8hr_battery_storage_2050,8hr_battery_storage,p52,0.0,inf,127348.69564,8.0,0.9219544457292888,0.9219544457292888,False,PQ,-1.0,1.0,True,2050,20.0,0.010704008768373307,62.74245957290817,,0.0,0.0,0.0,0.0,1.0,0.0,0.0,0.0,0.0,False,,True,0.0,0.0
p53 8hr_battery_storage_2050,8hr_battery_storage,p53,0.0,inf,127348.69564,8.0,0.9219544457292888,0.9219544457292888,False,PQ,-1.0,1.0,True,2050,20.0,0.00921649411915513,0.4210584555881049,,0.0,0.0,0.0,0.0,1.0,0.0,0.0,0.0,0.0,False,,True,0.0,0.0
p54 8hr_battery_storage_2050,8hr_battery_storage,p54,0.0,inf,127348.69564,8.0,0.9219544457292888,0.9219544457292888,False,PQ,-1.0,1.0,True,2050,20.0,0.00966146028216652,0.04509355026479993,,0.0,0.0,0.0,0.0,1.0,0.0,0.0,0.0,0.0,False,,True,0.0,0.0
p55 8hr_battery_storage_2050,8hr_battery_storage,p55,0.0,inf,127348.69564,8.0,0.9219544457292888,0.9219544457292888,False,PQ,-1.0,1.0,True,2050,20.0,0.010226424170225115,0.07280155524764673,,0.0,0.0,0.0,0.0,1.0,0.0,0.0,0.0,0.0,False,,True,0.0,0.0
p56 8hr_battery_storage_2050,8hr_battery_storage,p56,0.0,inf,127348.69564,8.0,0.9219544457292888,0.9219544457292888,False,PQ,-1.0,1.0,True,2050,20.0,0.009453897011400198,0.0691838381299096,,0.0,0.0,0.0,0.0,1.0,0.0,0.0,0.0,0.0,False,,True,0.0,0.0
p57 8hr_battery_storage_2050,8hr_battery_storage,p57,0.0,inf,127348.69564,8.0,0.9219544457292888,0.9219544457292888,False,PQ,-1.0,1.0,True,2050,20.0,0.010838953818902469,633.2397959759696,,0.0,0.0,0.0,0.0,1.0,0.0,0.0,0.0,0.0,False,,True,0.0,0.0
p58 8hr_battery_storage_2050,8hr_battery_storage,p58,0.0,inf,127348.69564,8.0,0.9219544457292888,0.9219544457292888,False,PQ,-1.0,1.0,True,2050,20.0,0.010413266740089517,4245.9153030530215,,0.0,0.0,0.0,0.0,1.0,0.0,0.0,0.0,0.0,False,,True,0.0,0.0
p59 8hr_battery_storage_2050,8hr_battery_storage,p59,0.0,inf,127348.69564,8.0,0.9219544457292888,0.9219544457292888,False,PQ,-1.0,1.0,True,2050,20.0,0.00944057987801488,639.2360243248066,,0.0,0.0,0.0,0.0,1.0,0.0,0.0,0.0,0.0,False,,True,0.0,0.0
p6 8hr_battery_storage_2050,8hr_battery_storage,p6,0.0,inf,127348.69564,8.0,0.9219544457292888,0.9219544457292888,False,PQ,-1.0,1.0,True,2050,20.0,0.009213365636094484,0.07266315704069817,,0.0,0.0,0.0,0.0,1.0,0.0,0.0,0.0,0.0,False,,True,0.0,0.0
p60 8hr_battery_storage_2050,8hr_battery_storage,p60,0.0,inf,127348.69564,8.0,0.9219544457292888,0.9219544457292888,False,PQ,-1.0,1.0,True,2050,20.0,0.009147551714745216,174.70990217539142,,0.0,0.0,0.0,0.0,1.0,0.0,0.0,0.0,0.0,False,,True,0.0,0.0
p61 8hr_battery_storage_2050,8hr_battery_storage,p61,0.0,inf,127348.69564,8.0,0.9219544457292888,0.9219544457292888,False,PQ,-1.0,1.0,True,2050,20.0,0.009375948156240595,1.7062063281219961,,0.0,0.0,0.0,0.0,1.0,0.0,0.0,0.0,0.0,False,,True,0.0,0.0
p62 8hr_battery_storage_2050,8hr_battery_storage,p62,0.0,inf,127348.69564,8.0,0.9219544457292888,0.9219544457292888,False,PQ,-1.0,1.0,True,2050,20.0,0.009791095763834728,468.6132462831103,,0.0,0.0,0.0,0.0,1.0,0.0,0.0,0.0,0.0,False,,True,0.0,0.0
p63 8hr_battery_storage_2050,8hr_battery_storage,p63,0.0,inf,127348.69564,8.0,0.9219544457292888,0.9219544457292888,False,PQ,-1.0,1.0,True,2050,20.0,0.010501577292454467,549.1906564837846,,0.0,0.0,0.0,0.0,1.0,0.0,0.0,0.0,0.0,False,,True,0.0,0.0
p64 8hr_battery_storage_2050,8hr_battery_storage,p64,0.0,inf,127348.69564,8.0,0.9219544457292888,0.9219544457292888,False,PQ,-1.0,1.0,True,2050,20.0,0.009281997896314705,0.05808190275706424,,0.0,0.0,0.0,0.0,1.0,0.0,0.0,0.0,0.0,False,,True,0.0,0.0
p65 8hr_battery_storage_2050,8hr_battery_storage,p65,0.0,inf,127348.69564,8.0,0.9219544457292888,0.9219544457292888,False,PQ,-1.0,1.0,True,2050,20.0,0.009072924418104599,1349.6084849208157,,0.0,0.0,0.0,0.0,1.0,0.0,0.0,0.0,0.0,False,,True,0.0,0.0
p66 8hr_battery_storage_2050,8hr_battery_storage,p66,0.0,inf,127348.69564,8.0,0.9219544457292888,0.9219544457292888,False,PQ,-1.0,1.0,True,2050,20.0,0.010783401149746205,1696.41314896024,,0.0,0.0,0.0,0.0,1.0,0.0,0.0,0.0,0.0,False,,True,0.0,0.0
p67 8hr_battery_storage_2050,8hr_battery_storage,p67,0.0,inf,127348.69564,8.0,0.9219544457292888,0.9219544457292888,False,PQ,-1.0,1.0,True,2050,20.0,0.009670751050622916,0.039793478396404194,,0.0,0.0,0.0,0.0,1.0,0.0,0.0,0.0,0.0,False,,True,0.0,0.0
p68 8hr_battery_storage_2050,8hr_battery_storage,p68,0.0,inf,127348.69564,8.0,0.9219544457292888,0.9219544457292888,False,PQ,-1.0,1.0,True,2050,20.0,0.00966072320428826,509.7483469695488,,0.0,0.0,0.0,0.0,1.0,0.0,0.0,0.0,0.0,False,,True,0.0,0.0
p69 8hr_battery_storage_2050,8hr_battery_storage,p69,0.0,inf,127348.69564,8.0,0.9219544457292888,0.9219544457292888,False,PQ,-1.0,1.0,True,2050,20.0,0.010050214824077175,378.17817556678096,,0.0,0.0,0.0,0.0,1.0,0.0,0.0,0.0,0.0,False,,True,0.0,0.0
p7 8hr_battery_storage_2050,8hr_battery_storage,p7,0.0,inf,127348.69564,8.0,0.9219544457292888,0.9219544457292888,False,PQ,-1.0,1.0,True,2050,20.0,0.009839659458906825,100.41552222497114,,0.0,0.0,0.0,0.0,1.0,0.0,0.0,0.0,0.0,False,,True,0.0,0.0
p70 8hr_battery_storage_2050,8hr_battery_storage,p70,0.0,inf,127348.69564,8.0,0.9219544457292888,0.9219544457292888,False,PQ,-1.0,1.0,True,2050,20.0,0.009590460250185243,758.8473878935336,,0.0,0.0,0.0,0.0,1.0,0.0,0.0,0.0,0.0,False,,True,0.0,0.0
p71 8hr_battery_storage_2050,8hr_battery_storage,p71,0.0,inf,127348.69564,8.0,0.9219544457292888,0.9219544457292888,False,PQ,-1.0,1.0,True,2050,20.0,0.01043115864143706,145.86319027224346,,0.0,0.0,0.0,0.0,1.0,0.0,0.0,0.0,0.0,False,,True,0.0,0.0
p72 8hr_battery_storage_2050,8hr_battery_storage,p72,0.0,inf,127348.69564,8.0,0.9219544457292888,0.9219544457292888,False,PQ,-1.0,1.0,True,2050,20.0,0.010584337201629357,1907.6173825286648,,0.0,0.0,0.0,0.0,1.0,0.0,0.0,0.0,0.0,False,,True,0.0,0.0
p73 8hr_battery_storage_2050,8hr_battery_storage,p73,0.0,inf,127348.69564,8.0,0.9219544457292888,0.9219544457292888,False,PQ,-1.0,1.0,True,2050,20.0,0.010652559344771112,34.362564165617016,,0.0,0.0,0.0,0.0,1.0,0.0,0.0,0.0,0.0,False,,True,0.0,0.0
p74 8hr_battery_storage_2050,8hr_battery_storage,p74,0.0,inf,127348.69564,8.0,0.9219544457292888,0.9219544457292888,False,PQ,-1.0,1.0,True,2050,20.0,0.010540060553118976,440.21340688922544,,0.0,0.0,0.0,0.0,1.0,0.0,0.0,0.0,0.0,False,,True,0.0,0.0
p75 8hr_battery_storage_2050,8hr_battery_storage,p75,0.0,inf,127348.69564,8.0,0.9219544457292888,0.9219544457292888,False,PQ,-1.0,1.0,True,2050,20.0,0.010380855626611589,457.0811479009631,,0.0,0.0,0.0,0.0,1.0,0.0,0.0,0.0,0.0,False,,True,0.0,0.0
p76 8hr_battery_storage_2050,8hr_battery_storage,p76,0.0,inf,127348.69564,8.0,0.9219544457292888,0.9219544457292888,False,PQ,-1.0,1.0,True,2050,20.0,0.009386024712842361,0.4023137393487286,,0.0,0.0,0.0,0.0,1.0,0.0,0.0,0.0,0.0,False,,True,0.0,0.0
p77 8hr_battery_storage_2050,8hr_battery_storage,p77,0.0,inf,127348.69564,8.0,0.9219544457292888,0.9219544457292888,False,PQ,-1.0,1.0,True,2050,20.0,0.01046330078118424,1.2400077052132916,,0.0,0.0,0.0,0.0,1.0,0.0,0.0,0.0,0.0,False,,True,0.0,0.0
p78 8hr_battery_storage_2050,8hr_battery_storage,p78,0.0,inf,127348.69564,8.0,0.9219544457292888,0.9219544457292888,False,PQ,-1.0,1.0,True,2050,20.0,0.009549422763594238,0.44326380837632573,,0.0,0.0,0.0,0.0,1.0,0.0,0.0,0.0,0.0,False,,True,0.0,0.0
p79 8hr_battery_storage_2050,8hr_battery_storage,p79,0.0,inf,127348.69564,8.0,0.9219544457292888,0.9219544457292888,False,PQ,-1.0,1.0,True,2050,20.0,0.010443635046265982,468.8951395812956,,0.0,0.0,0.0,0.0,1.0,0.0,0.0,0.0,0.0,False,,True,0.0,0.0
p8 8hr_battery_storage_2050,8hr_battery_storage,p8,0.0,inf,127348.69564,8.0,0.9219544457292888,0.9219544457292888,False,PQ,-1.0,1.0,True,2050,20.0,0.009195725806141227,0.2909487941611717,,0.0,0.0,0.0,0.0,1.0,0.0,0.0,0.0,0.0,False,,True,0.0,0.0
p80 8hr_battery_storage_2050,8hr_battery_storage,p80,0.0,inf,127348.69564,8.0,0.9219544457292888,0.9219544457292888,False,PQ,-1.0,1.0,True,2050,20.0,0.009846031948121378,923.330779158907,,0.0,0.0,0.0,0.0,1.0,0.0,0.0,0.0,0.0,False,,True,0.0,0.0
p81 8hr_battery_storage_2050,8hr_battery_storage,p81,0.0,inf,127348.69564,8.0,0.9219544457292888,0.9219544457292888,False,PQ,-1.0,1.0,True,2050,20.0,0.009786036592888637,680.1562530957345,,0.0,0.0,0.0,0.0,1.0,0.0,0.0,0.0,0.0,False,,True,0.0,0.0
p82 8hr_battery_storage_2050,8hr_battery_storage,p82,0.0,inf,127348.69564,8.0,0.9219544457292888,0.9219544457292888,False,PQ,-1.0,1.0,True,2050,20.0,0.00907340229970384,0.2960255448378142,,0.0,0.0,0.0,0.0,1.0,0.0,0.0,0.0,0.0,False,,True,0.0,0.0
p83 8hr_battery_storage_2050,8hr_battery_storage,p83,0.0,inf,127348.69564,8.0,0.9219544457292888,0.9219544457292888,False,PQ,-1.0,1.0,True,2050,20.0,0.010768039188754734,131.34881696982305,,0.0,0.0,0.0,0.0,1.0,0.0,0.0,0.0,0.0,False,,True,0.0,0.0
p84 8hr_battery_storage_2050,8hr_battery_storage,p84,0.0,inf,127348.69564,8.0,0.9219544457292888,0.9219544457292888,False,PQ,-1.0,1.0,True,2050,20.0,0.01035296021893625,736.7226826968513,,0.0,0.0,0.0,0.0,1.0,0.0,0.0,0.0,0.0,False,,True,0.0,0.0
p85 8hr_battery_storage_2050,8hr_battery_storage,p85,0.0,inf,127348.69564,8.0,0.9219544457292888,0.9219544457292888,False,PQ,-1.0,1.0,True,2050,20.0,0.010556514866061063,1548.0299789089472,,0.0,0.0,0.0,0.0,1.0,0.0,0.0,0.0,0.0,False,,True,0.0,0.0
p86 8hr_battery_storage_2050,8hr_battery_storage,p86,0.0,inf,127348.69564,8.0,0.9219544457292888,0.9219544457292888,False,PQ,-1.0,1.0,True,2050,20.0,0.010331441991081717,229.08264535842147,,0.0,0.0,0.0,0.0,1.0,0.0,0.0,0.0,0.0,False,,True,0.0,0.0
p87 8hr_battery_storage_2050,8hr_battery_storage,p87,0.0,inf,127348.69564,8.0,0.9219544457292888,0.9219544457292888,False,PQ,-1.0,1.0,True,2050,20.0,0.009686000320223678,1.337915331532799,,0.0,0.0,0.0,0.0,1.0,0.0,0.0,0.0,0.0,False,,True,0.0,0.0
p88 8hr_battery_storage_2050,8hr_battery_storage,p88,0.0,inf,127348.69564,8.0,0.9219544457292888,0.9219544457292888,False,PQ,-1.0,1.0,True,2050,20.0,0.010013587751835052,448.6808762753617,,0.0,0.0,0.0,0.0,1.0,0.0,0.0,0.0,0.0,False,,True,0.0,0.0
p89 8hr_battery_storage_2050,8hr_battery_storage,p89,0.0,inf,127348.69564,8.0,0.9219544457292888,0.9219544457292888,False,PQ,-1.0,1.0,True,2050,20.0,0.009257490557869275,1.3238963473902894,,0.0,0.0,0.0,0.0,1.0,0.0,0.0,0.0,0.0,False,,True,0.0,0.0
p9 8hr_battery_storage_2050,8hr_battery_storage,p9,0.0,inf,127348.69564,8.0,0.9219544457292888,0.9219544457292888,False,PQ,-1.0,1.0,True,2050,20.0,0.00932323460074815,4115.991857027775,,0.0,0.0,0.0,0.0,1.0,0.0,0.0,0.0,0.0,False,,True,0.0,0.0
p90 8hr_battery_storage_2050,8hr_battery_storage,p90,0.0,inf,127348.69564,8.0,0.9219544457292888,0.9219544457292888,False,PQ,-1.0,1.0,True,2050,20.0,0.009648137164920818,598.8999360961652,,0.0,0.0,0.0,0.0,1.0,0.0,0.0,0.0,0.0,False,,True,0.0,0.0
p91 8hr_battery_storage_2050,8hr_battery_storage,p91,0.0,inf,127348.69564,8.0,0.9219544457292888,0.9219544457292888,False,PQ,-1.0,1.0,True,2050,20.0,0.010287369589713713,883.2234081581762,,0.0,0.0,0.0,0.0,1.0,0.0,0.0,0.0,0.0,False,,True,0.0,0.0
p92 8hr_battery_storage_2050,8hr_battery_storage,p92,0.0,inf,127348.69564,8.0,0.9219544457292888,0.9219544457292888,False,PQ,-1.0,1.0,True,2050,20.0,0.010199189487155168,0.5510311115156444,,0.0,0.0,0.0,0.0,1.0,0.0,0.0,0.0,0.0,False,,True,0.0,0.0
p93 8hr_battery_storage_2050,8hr_battery_storage,p93,0.0,inf,127348.69564,8.0,0.9219544457292888,0.9219544457292888,False,PQ,-1.0,1.0,True,2050,20.0,0.01055052030211384,869.4546243227272,,0.0,0.0,0.0,0.0,1.0,0.0,0.0,0.0,0.0,False,,True,0.0,0.0
p94 8hr_battery_storage_2050,8hr_battery_storage,p94,0.0,inf,127348.69564,8.0,0.9219544457292888,0.9219544457292888,False,PQ,-1.0,1.0,True,2050,20.0,0.010064314315541905,6921.552364246292,,0.0,0.0,0.0,0.0,1.0,0.0,0.0,0.0,0.0,False,,True,0.0,0.0
p95 8hr_battery_storage_2050,8hr_battery_storage,p95,0.0,inf,127348.69564,8.0,0.9219544457292888,0.9219544457292888,False,PQ,-1.0,1.0,True,2050,20.0,0.010351341848121353,0.11278652039821026,,0.0,0.0,0.0,0.0,1.0,0.0,0.0,0.0,0.0,False,,True,0.0,0.0
p96 8hr_battery_storage_2050,8hr_battery_storage,p96,0.0,inf,127348.69564,8.0,0.9219544457292888,0.9219544457292888,False,PQ,-1.0,1.0,True,2050,20.0,0.009087767564322911,0.11726649146438756,,0.0,0.0,0.0,0.0,1.0,0.0,0.0,0.0,0.0,False,,True,0.0,0.0
p97 8hr_battery_storage_2050,8hr_battery_storage,p97,0.0,inf,127348.69564,8.0,0.9219544457292888,0.9219544457292888,False,PQ,-1.0,1.0,True,2050,20.0,0.01086659580717268,0.22574559418587686,,0.0,0.0,0.0,0.0,1.0,0.0,0.0,0.0,0.0,False,,True,0.0,0.0
p98 8hr_battery_storage_2050,8hr_battery_storage,p98,0.0,inf,127348.69564,8.0,0.9219544457292888,0.9219544457292888,False,PQ,-1.0,1.0,True,2050,20.0,0.010692374111889006,0.2318101556475896,,0.0,0.0,0.0,0.0,1.0,0.0,0.0,0.0,0.0,False,,True,0.0,0.0
p99 8hr_battery_storage_2050,8hr_battery_storage,p99,0.0,inf,127348.69564,8.0,0.9219544457292888,0.9219544457292888,False,PQ,-1.0,1.0,True,2050,20.0,0.010873229293807423,2137.6081803784537,,0.0,0.0,0.0,0.0,1.0,0.0,0.0,0.0,0.0,False,,True,0.0,0.0
